/*******************************************************************************
 * Size: 16 px
 * Bpp: 4
 * Opts: --font /tmp/Inter-600.ttf --size 16 --bpp 4 --format lvgl --no-compress --range 0x20-0x7e,0xa0-0xff --lv-font-name font_inter_16 -o firmware/VoltraKnob/src/ui/font_inter_16.c
 ******************************************************************************/

#ifdef LV_LVGL_H_INCLUDE_SIMPLE
#include "lvgl.h"
#else
#include "lvgl.h"
#endif

#ifndef FONT_INTER_16
#define FONT_INTER_16 1
#endif

#if FONT_INTER_16

/*-----------------
 *    BITMAPS
 *----------------*/

/*Store the image of the glyphs*/
static LV_ATTRIBUTE_LARGE_CONST const uint8_t glyph_bitmap[] = {
    /* U+0020 " " */

    /* U+0021 "!" */
    0xd, 0xf4, 0xd, 0xf4, 0xd, 0xf3, 0xc, 0xf3,
    0xc, 0xf3, 0xc, 0xf2, 0xc, 0xf2, 0xb, 0xf2,
    0x5, 0x81, 0x4, 0x70, 0xf, 0xf6, 0xb, 0xe2,

    /* U+0022 "\"" */
    0x9f, 0x48, 0xf5, 0x8f, 0x38, 0xf4, 0x8f, 0x37,
    0xf3, 0x7f, 0x26, 0xf2, 0x4a, 0x14, 0xa1,

    /* U+0023 "#" */
    0x0, 0xe, 0xa0, 0xd, 0xb0, 0x0, 0x1f, 0x70,
    0xf, 0x90, 0x0, 0x3f, 0x50, 0x2f, 0x60, 0xf,
    0xff, 0xff, 0xff, 0xfe, 0x1a, 0xdf, 0xaa, 0xdf,
    0xa7, 0x0, 0xbd, 0x0, 0xaf, 0x0, 0x0, 0xeb,
    0x0, 0xcc, 0x0, 0x69, 0xfd, 0x99, 0xfe, 0x92,
    0xdf, 0xff, 0xff, 0xff, 0xf1, 0x5, 0xf3, 0x4,
    0xf4, 0x0, 0x8, 0xf0, 0x6, 0xf2, 0x0, 0xa,
    0xe0, 0x9, 0xf0, 0x0,

    /* U+0024 "$" */
    0x0, 0x0, 0x6c, 0x0, 0x0, 0x0, 0x0, 0x6c,
    0x0, 0x0, 0x0, 0x4c, 0xff, 0xd7, 0x0, 0x6,
    0xff, 0xff, 0xff, 0xb0, 0xe, 0xf7, 0x6c, 0x2e,
    0xf3, 0x1f, 0xf0, 0x6c, 0x5, 0x93, 0xd, 0xfb,
    0x9c, 0x0, 0x0, 0x3, 0xef, 0xff, 0xa5, 0x0,
    0x0, 0x5, 0xcf, 0xff, 0xc0, 0x0, 0x0, 0x6c,
    0x3d, 0xf7, 0x4e, 0xa0, 0x6c, 0x7, 0xfa, 0x1f,
    0xf5, 0x6c, 0x1c, 0xf8, 0x8, 0xff, 0xff, 0xff,
    0xe1, 0x0, 0x5c, 0xff, 0xe9, 0x10, 0x0, 0x0,
    0x6c, 0x0, 0x0, 0x0, 0x0, 0x36, 0x0, 0x0,

    /* U+0025 "%" */
    0xa, 0xfe, 0x60, 0x0, 0x8, 0xe1, 0x8, 0xf6,
    0xaf, 0x20, 0x3, 0xf5, 0x0, 0xbc, 0x2, 0xf5,
    0x0, 0xdb, 0x0, 0xa, 0xe2, 0x6f, 0x30, 0x8e,
    0x10, 0x0, 0x2e, 0xff, 0xa0, 0x3f, 0x50, 0x0,
    0x0, 0x3, 0x20, 0xd, 0xb0, 0x0, 0x0, 0x0,
    0x0, 0x8, 0xe1, 0x3e, 0xfc, 0x20, 0x0, 0x3,
    0xf5, 0xe, 0xc4, 0xeb, 0x0, 0x0, 0xdb, 0x1,
    0xf6, 0x9, 0xe0, 0x0, 0x8e, 0x10, 0x1f, 0x60,
    0x9e, 0x0, 0x3f, 0x50, 0x0, 0xdd, 0x6e, 0xa0,
    0xd, 0xb0, 0x0, 0x3, 0xdf, 0xb1,

    /* U+0026 "&" */
    0x0, 0x4c, 0xfe, 0x60, 0x0, 0x0, 0x1f, 0xfc,
    0xef, 0x40, 0x0, 0x6, 0xf7, 0x4, 0xf8, 0x0,
    0x0, 0x5f, 0x80, 0x7f, 0x60, 0x0, 0x1, 0xef,
    0x9f, 0xc0, 0x0, 0x0, 0x7, 0xff, 0xa0, 0x0,
    0x0, 0x4, 0xff, 0xfb, 0x1, 0xd8, 0x1, 0xfe,
    0x2b, 0xf9, 0x4f, 0x80, 0x6f, 0x90, 0xc, 0xfe,
    0xf4, 0x5, 0xfd, 0x0, 0x2f, 0xfc, 0x0, 0xd,
    0xfe, 0xbe, 0xff, 0xe2, 0x0, 0x19, 0xef, 0xd8,
    0x5f, 0xd1,

    /* U+0027 "'" */
    0x9f, 0x48, 0xf3, 0x8f, 0x37, 0xf2, 0x4a, 0x10,

    /* U+0028 "(" */
    0x0, 0x22, 0x0, 0x3f, 0xc0, 0xa, 0xf6, 0x0,
    0xff, 0x10, 0x3f, 0xc0, 0x7, 0xf9, 0x0, 0xaf,
    0x60, 0xb, 0xf4, 0x0, 0xcf, 0x30, 0xc, 0xf4,
    0x0, 0xaf, 0x50, 0x8, 0xf8, 0x0, 0x4f, 0xc0,
    0x0, 0xff, 0x10, 0x9, 0xf6, 0x0, 0x2f, 0xd0,

    /* U+0029 ")" */
    0x12, 0x10, 0x4, 0xfb, 0x0, 0xd, 0xf2, 0x0,
    0x8f, 0x70, 0x4, 0xfc, 0x0, 0x1f, 0xf0, 0x0,
    0xef, 0x20, 0xc, 0xf3, 0x0, 0xbf, 0x40, 0xc,
    0xf4, 0x0, 0xdf, 0x20, 0xf, 0xf0, 0x4, 0xfc,
    0x0, 0x9f, 0x70, 0xe, 0xf2, 0x5, 0xfa, 0x0,

    /* U+002A "*" */
    0x0, 0x7d, 0x0, 0x7, 0x66, 0xc2, 0xa0, 0x8f,
    0xee, 0xfc, 0x20, 0x6f, 0xfc, 0x0, 0xaf, 0xce,
    0xee, 0x25, 0x36, 0xd0, 0x80, 0x0, 0x6b, 0x0,
    0x0,

    /* U+002B "+" */
    0x0, 0x9, 0xf2, 0x0, 0x0, 0x0, 0x9f, 0x20,
    0x0, 0x0, 0x9, 0xf2, 0x0, 0x7, 0xbb, 0xef,
    0xcb, 0xb2, 0xaf, 0xff, 0xff, 0xff, 0x30, 0x0,
    0x9f, 0x20, 0x0, 0x0, 0x9, 0xf2, 0x0, 0x0,
    0x0, 0x9f, 0x20, 0x0,

    /* U+002C "," */
    0x7, 0x92, 0xd, 0xf0, 0xf, 0xb0, 0x2f, 0x70,
    0x4f, 0x20,

    /* U+002D "-" */
    0xbb, 0xbb, 0xb2, 0xff, 0xff, 0xf3,

    /* U+002E "." */
    0x4, 0x70, 0xf, 0xf5, 0xb, 0xe2,

    /* U+002F "/" */
    0x0, 0x1, 0x84, 0x0, 0x5, 0xf6, 0x0, 0x9,
    0xf2, 0x0, 0xe, 0xe0, 0x0, 0x2f, 0xa0, 0x0,
    0x6f, 0x60, 0x0, 0xaf, 0x20, 0x0, 0xed, 0x0,
    0x2, 0xf9, 0x0, 0x6, 0xf5, 0x0, 0xa, 0xf1,
    0x0, 0xe, 0xd0, 0x0, 0x3f, 0x90, 0x0, 0x7f,
    0x50, 0x0, 0xbf, 0x0, 0x0,

    /* U+0030 "0" */
    0x0, 0x1a, 0xff, 0xc5, 0x0, 0x1, 0xef, 0xed,
    0xff, 0x60, 0xa, 0xfa, 0x0, 0x5f, 0xf0, 0xf,
    0xf1, 0x0, 0xb, 0xf5, 0x3f, 0xd0, 0x0, 0x7,
    0xf9, 0x5f, 0xb0, 0x0, 0x5, 0xfa, 0x5f, 0xb0,
    0x0, 0x5, 0xfa, 0x3f, 0xc0, 0x0, 0x7, 0xf9,
    0xf, 0xf1, 0x0, 0xb, 0xf6, 0xa, 0xfa, 0x0,
    0x5f, 0xf1, 0x1, 0xef, 0xed, 0xff, 0x60, 0x0,
    0x2a, 0xff, 0xc5, 0x0,

    /* U+0031 "1" */
    0x0, 0x7f, 0xf5, 0x2c, 0xff, 0xf5, 0x7f, 0x8b,
    0xf5, 0x53, 0xb, 0xf5, 0x0, 0xb, 0xf5, 0x0,
    0xb, 0xf5, 0x0, 0xb, 0xf5, 0x0, 0xb, 0xf5,
    0x0, 0xb, 0xf5, 0x0, 0xb, 0xf5, 0x0, 0xb,
    0xf5, 0x0, 0xb, 0xf5,

    /* U+0032 "2" */
    0x0, 0x5c, 0xff, 0xb2, 0x0, 0x6f, 0xfd, 0xef,
    0xf2, 0xf, 0xf4, 0x0, 0xaf, 0x92, 0xfc, 0x0,
    0x3, 0xfc, 0x0, 0x0, 0x0, 0x6f, 0xa0, 0x0,
    0x0, 0x1e, 0xf3, 0x0, 0x0, 0x1d, 0xf7, 0x0,
    0x0, 0x2e, 0xf7, 0x0, 0x0, 0x3e, 0xf7, 0x0,
    0x0, 0x4f, 0xf6, 0x0, 0x0, 0x1f, 0xff, 0xdd,
    0xdd, 0xb2, 0xff, 0xff, 0xff, 0xfe,

    /* U+0033 "3" */
    0x0, 0x4c, 0xff, 0xc4, 0x0, 0x5, 0xff, 0xcc,
    0xff, 0x50, 0xe, 0xf5, 0x0, 0x6f, 0xd0, 0x7,
    0x70, 0x0, 0x1f, 0xe0, 0x0, 0x0, 0x1, 0xaf,
    0x80, 0x0, 0x3, 0xff, 0xf8, 0x0, 0x0, 0x2,
    0xab, 0xff, 0x60, 0x0, 0x0, 0x0, 0x2f, 0xf1,
    0x2b, 0x90, 0x0, 0xc, 0xf4, 0x1f, 0xf4, 0x0,
    0x3f, 0xf2, 0x7, 0xff, 0xdd, 0xff, 0x90, 0x0,
    0x5c, 0xff, 0xc6, 0x0,

    /* U+0034 "4" */
    0x0, 0x0, 0x9, 0xff, 0x50, 0x0, 0x0, 0x3f,
    0xff, 0x50, 0x0, 0x0, 0xdf, 0xdf, 0x50, 0x0,
    0x7, 0xf8, 0xaf, 0x50, 0x0, 0x2f, 0xd0, 0xaf,
    0x50, 0x0, 0xbf, 0x40, 0xaf, 0x50, 0x6, 0xfa,
    0x0, 0xaf, 0x50, 0x1e, 0xf1, 0x0, 0xaf, 0x50,
    0x6f, 0xff, 0xff, 0xff, 0xfe, 0x4c, 0xcc, 0xcc,
    0xef, 0xda, 0x0, 0x0, 0x0, 0xaf, 0x50, 0x0,
    0x0, 0x0, 0xaf, 0x50,

    /* U+0035 "5" */
    0xb, 0xff, 0xff, 0xff, 0x50, 0xcf, 0xdc, 0xcc,
    0xc4, 0xd, 0xf0, 0x0, 0x0, 0x0, 0xff, 0x0,
    0x0, 0x0, 0xf, 0xe8, 0xef, 0xc3, 0x1, 0xff,
    0xfb, 0xdf, 0xf3, 0x1a, 0xa1, 0x0, 0x9f, 0xb0,
    0x0, 0x0, 0x1, 0xfe, 0x29, 0x60, 0x0, 0x1f,
    0xe2, 0xff, 0x30, 0x9, 0xfa, 0x9, 0xff, 0xce,
    0xff, 0x20, 0x6, 0xdf, 0xfa, 0x20,

    /* U+0036 "6" */
    0x0, 0x1a, 0xef, 0xd6, 0x0, 0x1, 0xef, 0xed,
    0xff, 0x70, 0x9, 0xf9, 0x0, 0x3f, 0xf0, 0xf,
    0xf0, 0x0, 0x2, 0x30, 0x2f, 0xb5, 0xdf, 0xd7,
    0x0, 0x4f, 0xef, 0xcb, 0xff, 0x80, 0x5f, 0xf7,
    0x0, 0x4f, 0xf0, 0x4f, 0xf0, 0x0, 0xc, 0xf3,
    0x1f, 0xf0, 0x0, 0xc, 0xf3, 0xc, 0xf8, 0x0,
    0x5f, 0xf0, 0x3, 0xff, 0xdc, 0xff, 0x60, 0x0,
    0x3b, 0xff, 0xc5, 0x0,

    /* U+0037 "7" */
    0x8f, 0xff, 0xff, 0xff, 0x66, 0xdd, 0xdd, 0xdf,
    0xf6, 0x0, 0x0, 0x1, 0xff, 0x10, 0x0, 0x0,
    0x8f, 0x90, 0x0, 0x0, 0x1f, 0xf2, 0x0, 0x0,
    0x8, 0xf9, 0x0, 0x0, 0x1, 0xff, 0x20, 0x0,
    0x0, 0x8f, 0xa0, 0x0, 0x0, 0xf, 0xf2, 0x0,
    0x0, 0x7, 0xfa, 0x0, 0x0, 0x0, 0xef, 0x20,
    0x0, 0x0, 0x7f, 0xa0, 0x0, 0x0,

    /* U+0038 "8" */
    0x0, 0x5c, 0xff, 0xc4, 0x0, 0x6, 0xff, 0xcc,
    0xff, 0x40, 0xd, 0xf5, 0x0, 0x7f, 0xb0, 0xe,
    0xf2, 0x0, 0x3f, 0xc0, 0x8, 0xfa, 0x11, 0xbf,
    0x60, 0x0, 0x8f, 0xff, 0xf7, 0x0, 0x5, 0xff,
    0xbb, 0xfe, 0x40, 0x1f, 0xf3, 0x0, 0x4f, 0xe0,
    0x4f, 0xc0, 0x0, 0xe, 0xf3, 0x3f, 0xf2, 0x0,
    0x3f, 0xf2, 0xa, 0xff, 0xbb, 0xff, 0x90, 0x0,
    0x7d, 0xff, 0xc6, 0x0,

    /* U+0039 "9" */
    0x0, 0x6d, 0xff, 0xb2, 0x0, 0x8, 0xff, 0xcd,
    0xff, 0x20, 0x1f, 0xf4, 0x0, 0x8f, 0xb0, 0x4f,
    0xb0, 0x0, 0xf, 0xf0, 0x4f, 0xc0, 0x0, 0x1f,
    0xf3, 0xf, 0xf7, 0x1, 0xbf, 0xf4, 0x5, 0xff,
    0xff, 0xec, 0xf3, 0x0, 0x39, 0xa8, 0x1d, 0xf1,
    0x16, 0x50, 0x0, 0x1f, 0xe0, 0xf, 0xf3, 0x0,
    0xbf, 0x80, 0x7, 0xff, 0xde, 0xfd, 0x0, 0x0,
    0x6d, 0xfe, 0x91, 0x0,

    /* U+003A ":" */
    0xb, 0xe2, 0xf, 0xf5, 0x4, 0x70, 0x0, 0x0,
    0x0, 0x0, 0x0, 0x0, 0x4, 0x70, 0xf, 0xf5,
    0xb, 0xe2,

    /* U+003B ";" */
    0x9, 0xf3, 0xe, 0xf7, 0x3, 0x80, 0x0, 0x0,
    0x0, 0x0, 0x0, 0x0, 0x7, 0x92, 0xd, 0xf0,
    0xf, 0xb0, 0x2f, 0x70, 0x4f, 0x20,

    /* U+003C "<" */
    0x0, 0x0, 0x0, 0x2, 0x0, 0x0, 0x3, 0xaf,
    0x0, 0x3, 0xbf, 0xfd, 0x4, 0xbf, 0xfc, 0x50,
    0xaf, 0xfb, 0x30, 0x0, 0xcf, 0xd4, 0x0, 0x0,
    0x2a, 0xff, 0xd6, 0x0, 0x0, 0x29, 0xff, 0xe8,
    0x0, 0x0, 0x19, 0xff, 0x0, 0x0, 0x0, 0x18,

    /* U+003D "=" */
    0x6c, 0xcc, 0xcc, 0xcc, 0x8, 0xff, 0xff, 0xff,
    0xf0, 0x0, 0x0, 0x0, 0x0, 0x0, 0x0, 0x0,
    0x0, 0x0, 0x6c, 0xcc, 0xcc, 0xcc, 0x8, 0xff,
    0xff, 0xff, 0xf0,

    /* U+003E ">" */
    0x20, 0x0, 0x0, 0x0, 0x7, 0xe7, 0x0, 0x0,
    0x0, 0x5f, 0xfe, 0x71, 0x0, 0x0, 0x18, 0xff,
    0xf8, 0x10, 0x0, 0x0, 0x7e, 0xff, 0x30, 0x0,
    0x1, 0x8f, 0xf4, 0x0, 0x29, 0xff, 0xd6, 0x2,
    0xbf, 0xfd, 0x50, 0x0, 0x7f, 0xd5, 0x0, 0x0,
    0x4, 0x50, 0x0, 0x0, 0x0,

    /* U+003F "?" */
    0x1, 0x9e, 0xfd, 0x70, 0x0, 0xcf, 0xec, 0xff,
    0x90, 0x4f, 0xd0, 0x3, 0xff, 0x3, 0x84, 0x0,
    0xf, 0xf0, 0x0, 0x0, 0x8, 0xfb, 0x0, 0x0,
    0x1c, 0xfc, 0x10, 0x0, 0x9, 0xf9, 0x0, 0x0,
    0x0, 0xdf, 0x10, 0x0, 0x0, 0x4, 0x50, 0x0,
    0x0, 0x0, 0x57, 0x0, 0x0, 0x0, 0x1f, 0xf4,
    0x0, 0x0, 0x0, 0xce, 0x10, 0x0,

    /* U+0040 "@" */
    0x0, 0x0, 0x39, 0xdf, 0xfe, 0xa4, 0x0, 0x0,
    0x0, 0xa, 0xff, 0xdb, 0xac, 0xff, 0xa0, 0x0,
    0x0, 0xbf, 0xc3, 0x0, 0x0, 0x1a, 0xfb, 0x0,
    0x5, 0xfb, 0x0, 0x59, 0x83, 0xa3, 0x9f, 0x60,
    0xd, 0xf1, 0xa, 0xff, 0xfe, 0xf5, 0xf, 0xd0,
    0x1f, 0xb0, 0x4f, 0xa0, 0x1c, 0xf5, 0xa, 0xf1,
    0x4f, 0x80, 0x9f, 0x10, 0x5, 0xf5, 0x7, 0xf4,
    0x5f, 0x70, 0xbf, 0x0, 0x3, 0xf5, 0x6, 0xf4,
    0x4f, 0x80, 0xaf, 0x0, 0x4, 0xf5, 0x7, 0xf3,
    0x1f, 0xb0, 0x6f, 0x50, 0x9, 0xf5, 0xb, 0xf0,
    0xd, 0xf1, 0x1e, 0xf9, 0xaf, 0xfd, 0xaf, 0x90,
    0x6, 0xfb, 0x2, 0xcf, 0xe4, 0x6e, 0xfa, 0x0,
    0x0, 0xbf, 0xc3, 0x0, 0x0, 0x0, 0x0, 0x0,
    0x0, 0xa, 0xff, 0xdb, 0xac, 0xeb, 0x0, 0x0,
    0x0, 0x0, 0x39, 0xdf, 0xfe, 0xb6, 0x0, 0x0,

    /* U+0041 "A" */
    0x0, 0x0, 0xdf, 0xf2, 0x0, 0x0, 0x0, 0x2,
    0xff, 0xf7, 0x0, 0x0, 0x0, 0x8, 0xf9, 0xfd,
    0x0, 0x0, 0x0, 0xd, 0xf2, 0xdf, 0x20, 0x0,
    0x0, 0x3f, 0xe0, 0x9f, 0x80, 0x0, 0x0, 0x8f,
    0x90, 0x4f, 0xd0, 0x0, 0x0, 0xef, 0x40, 0xf,
    0xf3, 0x0, 0x3, 0xff, 0xcc, 0xcf, 0xf8, 0x0,
    0x9, 0xff, 0xff, 0xff, 0xfe, 0x0, 0xe, 0xf4,
    0x0, 0x0, 0xff, 0x30, 0x4f, 0xf0, 0x0, 0x0,
    0xaf, 0x90, 0x9f, 0xa0, 0x0, 0x0, 0x5f, 0xe0,

    /* U+0042 "B" */
    0xff, 0xff, 0xfe, 0xa1, 0xf, 0xfc, 0xcc, 0xff,
    0xd0, 0xff, 0x20, 0x1, 0xef, 0x4f, 0xf2, 0x0,
    0xb, 0xf5, 0xff, 0x20, 0x5, 0xfd, 0xf, 0xff,
    0xff, 0xfd, 0x20, 0xff, 0xaa, 0xac, 0xfe, 0x2f,
    0xf2, 0x0, 0xa, 0xf9, 0xff, 0x20, 0x0, 0x5f,
    0xcf, 0xf2, 0x0, 0xa, 0xfb, 0xff, 0xcc, 0xce,
    0xff, 0x4f, 0xff, 0xff, 0xfc, 0x40,

    /* U+0043 "C" */
    0x0, 0x5, 0xcf, 0xfd, 0x70, 0x0, 0x0, 0xaf,
    0xff, 0xff, 0xfc, 0x0, 0x6, 0xff, 0x50, 0x4,
    0xef, 0x80, 0xe, 0xf6, 0x0, 0x0, 0x4f, 0xe0,
    0x2f, 0xf0, 0x0, 0x0, 0x2, 0x20, 0x4f, 0xc0,
    0x0, 0x0, 0x0, 0x0, 0x4f, 0xc0, 0x0, 0x0,
    0x0, 0x0, 0x2f, 0xf0, 0x0, 0x0, 0x2, 0x20,
    0xe, 0xf5, 0x0, 0x0, 0x4f, 0xe0, 0x7, 0xff,
    0x50, 0x4, 0xef, 0x80, 0x0, 0xaf, 0xff, 0xff,
    0xfb, 0x0, 0x0, 0x5, 0xcf, 0xfd, 0x60, 0x0,

    /* U+0044 "D" */
    0xff, 0xff, 0xfd, 0x81, 0x0, 0xff, 0xed, 0xef,
    0xfe, 0x20, 0xff, 0x20, 0x2, 0xbf, 0xd0, 0xff,
    0x20, 0x0, 0xe, 0xf4, 0xff, 0x20, 0x0, 0x9,
    0xf8, 0xff, 0x20, 0x0, 0x6, 0xfa, 0xff, 0x20,
    0x0, 0x6, 0xfa, 0xff, 0x20, 0x0, 0x9, 0xf8,
    0xff, 0x20, 0x0, 0xe, 0xf4, 0xff, 0x20, 0x2,
    0xbf, 0xc0, 0xff, 0xed, 0xef, 0xfe, 0x20, 0xff,
    0xff, 0xfd, 0x81, 0x0,

    /* U+0045 "E" */
    0xff, 0xff, 0xff, 0xfe, 0xff, 0xdd, 0xdd, 0xdc,
    0xff, 0x20, 0x0, 0x0, 0xff, 0x20, 0x0, 0x0,
    0xff, 0x20, 0x0, 0x0, 0xff, 0xff, 0xff, 0xf7,
    0xff, 0xdd, 0xdd, 0xd6, 0xff, 0x20, 0x0, 0x0,
    0xff, 0x20, 0x0, 0x0, 0xff, 0x20, 0x0, 0x0,
    0xff, 0xdd, 0xdd, 0xdc, 0xff, 0xff, 0xff, 0xff,

    /* U+0046 "F" */
    0xff, 0xff, 0xff, 0xfb, 0xff, 0xdd, 0xdd, 0xd9,
    0xff, 0x20, 0x0, 0x0, 0xff, 0x20, 0x0, 0x0,
    0xff, 0x20, 0x0, 0x0, 0xff, 0xdd, 0xdd, 0xd3,
    0xff, 0xff, 0xff, 0xf4, 0xff, 0x20, 0x0, 0x0,
    0xff, 0x20, 0x0, 0x0, 0xff, 0x20, 0x0, 0x0,
    0xff, 0x20, 0x0, 0x0, 0xff, 0x20, 0x0, 0x0,

    /* U+0047 "G" */
    0x0, 0x5, 0xcf, 0xfd, 0x70, 0x0, 0x0, 0xaf,
    0xff, 0xff, 0xfc, 0x0, 0x6, 0xff, 0x50, 0x3,
    0xdf, 0x90, 0xe, 0xf6, 0x0, 0x0, 0x3c, 0xb0,
    0x2f, 0xf0, 0x0, 0x0, 0x0, 0x0, 0x4f, 0xc0,
    0x0, 0x6b, 0xbb, 0xb1, 0x4f, 0xc0, 0x0, 0x9f,
    0xff, 0xf2, 0x2f, 0xf0, 0x0, 0x0, 0xf, 0xf1,
    0xe, 0xf5, 0x0, 0x0, 0x4f, 0xe0, 0x7, 0xff,
    0x50, 0x4, 0xef, 0x70, 0x0, 0xaf, 0xff, 0xff,
    0xfb, 0x0, 0x0, 0x5, 0xcf, 0xfd, 0x70, 0x0,

    /* U+0048 "H" */
    0xff, 0x20, 0x0, 0x7, 0xf9, 0xff, 0x20, 0x0,
    0x7, 0xf9, 0xff, 0x20, 0x0, 0x7, 0xf9, 0xff,
    0x20, 0x0, 0x7, 0xf9, 0xff, 0x20, 0x0, 0x7,
    0xf9, 0xff, 0xff, 0xff, 0xff, 0xf9, 0xff, 0xed,
    0xdd, 0xde, 0xf9, 0xff, 0x20, 0x0, 0x7, 0xf9,
    0xff, 0x20, 0x0, 0x7, 0xf9, 0xff, 0x20, 0x0,
    0x7, 0xf9, 0xff, 0x20, 0x0, 0x7, 0xf9, 0xff,
    0x20, 0x0, 0x7, 0xf9,

    /* U+0049 "I" */
    0xff, 0x2f, 0xf2, 0xff, 0x2f, 0xf2, 0xff, 0x2f,
    0xf2, 0xff, 0x2f, 0xf2, 0xff, 0x2f, 0xf2, 0xff,
    0x2f, 0xf2,

    /* U+004A "J" */
    0x0, 0x0, 0x1, 0xff, 0x0, 0x0, 0x0, 0x1f,
    0xf0, 0x0, 0x0, 0x1, 0xff, 0x0, 0x0, 0x0,
    0x1f, 0xf0, 0x0, 0x0, 0x1, 0xff, 0x0, 0x0,
    0x0, 0x1f, 0xf0, 0x0, 0x0, 0x1, 0xff, 0x2,
    0x63, 0x0, 0x1f, 0xf0, 0x6f, 0x90, 0x1, 0xff,
    0x4, 0xfd, 0x10, 0x6f, 0xd0, 0xd, 0xff, 0xdf,
    0xf6, 0x0, 0x1a, 0xef, 0xd6, 0x0,

    /* U+004B "K" */
    0xff, 0x20, 0x0, 0x6f, 0xf3, 0xff, 0x20, 0x4,
    0xff, 0x50, 0xff, 0x20, 0x2f, 0xf7, 0x0, 0xff,
    0x21, 0xdf, 0x90, 0x0, 0xff, 0x2c, 0xfb, 0x0,
    0x0, 0xff, 0xaf, 0xf6, 0x0, 0x0, 0xff, 0xfe,
    0xfe, 0x10, 0x0, 0xff, 0xe1, 0xbf, 0xa0, 0x0,
    0xff, 0x30, 0x1f, 0xf5, 0x0, 0xff, 0x20, 0x6,
    0xfe, 0x10, 0xff, 0x20, 0x0, 0xbf, 0xa0, 0xff,
    0x20, 0x0, 0x1f, 0xf5,

    /* U+004C "L" */
    0xff, 0x20, 0x0, 0x0, 0xff, 0x20, 0x0, 0x0,
    0xff, 0x20, 0x0, 0x0, 0xff, 0x20, 0x0, 0x0,
    0xff, 0x20, 0x0, 0x0, 0xff, 0x20, 0x0, 0x0,
    0xff, 0x20, 0x0, 0x0, 0xff, 0x20, 0x0, 0x0,
    0xff, 0x20, 0x0, 0x0, 0xff, 0x20, 0x0, 0x0,
    0xff, 0xdd, 0xdd, 0xd5, 0xff, 0xff, 0xff, 0xf6,

    /* U+004D "M" */
    0xff, 0xf4, 0x0, 0x0, 0xe, 0xff, 0x5f, 0xff,
    0xa0, 0x0, 0x3, 0xff, 0xf5, 0xff, 0xef, 0x0,
    0x0, 0x9f, 0xef, 0x5f, 0xfa, 0xf5, 0x0, 0xe,
    0xfb, 0xf5, 0xff, 0x6f, 0xb0, 0x4, 0xfa, 0xbf,
    0x5f, 0xf2, 0xff, 0x10, 0xaf, 0x5b, 0xf5, 0xff,
    0x1a, 0xf6, 0xf, 0xf0, 0xbf, 0x5f, 0xf1, 0x4f,
    0xb4, 0xfa, 0xb, 0xf5, 0xff, 0x10, 0xef, 0x9f,
    0x40, 0xbf, 0x5f, 0xf1, 0x8, 0xff, 0xe0, 0xb,
    0xf5, 0xff, 0x10, 0x3f, 0xf9, 0x0, 0xbf, 0x5f,
    0xf1, 0x0, 0xdf, 0x30, 0xb, 0xf5,

    /* U+004E "N" */
    0xff, 0xa0, 0x0, 0x5, 0xfc, 0xff, 0xf4, 0x0,
    0x5, 0xfc, 0xff, 0xfd, 0x0, 0x5, 0xfc, 0xff,
    0xbf, 0x70, 0x5, 0xfc, 0xff, 0x3f, 0xf2, 0x5,
    0xfc, 0xff, 0x28, 0xfb, 0x5, 0xfc, 0xff, 0x20,
    0xdf, 0x55, 0xfc, 0xff, 0x20, 0x4f, 0xd5, 0xfc,
    0xff, 0x20, 0xb, 0xfb, 0xfc, 0xff, 0x20, 0x1,
    0xff, 0xfc, 0xff, 0x20, 0x0, 0x7f, 0xfc, 0xff,
    0x20, 0x0, 0xd, 0xfc,

    /* U+004F "O" */
    0x0, 0x5, 0xcf, 0xfc, 0x60, 0x0, 0x0, 0xaf,
    0xff, 0xff, 0xfb, 0x0, 0x6, 0xff, 0x50, 0x4,
    0xef, 0x80, 0xe, 0xf5, 0x0, 0x0, 0x3f, 0xf1,
    0x2f, 0xf0, 0x0, 0x0, 0xd, 0xf4, 0x4f, 0xc0,
    0x0, 0x0, 0xa, 0xf6, 0x4f, 0xc0, 0x0, 0x0,
    0xa, 0xf6, 0x2f, 0xe0, 0x0, 0x0, 0xd, 0xf4,
    0xe, 0xf5, 0x0, 0x0, 0x3f, 0xf1, 0x6, 0xff,
    0x50, 0x4, 0xef, 0x90, 0x0, 0xaf, 0xff, 0xff,
    0xfb, 0x0, 0x0, 0x5, 0xcf, 0xfc, 0x60, 0x0,

    /* U+0050 "P" */
    0xff, 0xff, 0xfe, 0x91, 0xf, 0xfd, 0xdd, 0xff,
    0xd0, 0xff, 0x20, 0x2, 0xef, 0x5f, 0xf2, 0x0,
    0x8, 0xf9, 0xff, 0x20, 0x0, 0x9f, 0x8f, 0xf2,
    0x0, 0x4f, 0xf4, 0xff, 0xff, 0xff, 0xfb, 0xf,
    0xfd, 0xdd, 0xb6, 0x0, 0xff, 0x20, 0x0, 0x0,
    0xf, 0xf2, 0x0, 0x0, 0x0, 0xff, 0x20, 0x0,
    0x0, 0xf, 0xf2, 0x0, 0x0, 0x0,

    /* U+0051 "Q" */
    0x0, 0x5, 0xcf, 0xfc, 0x60, 0x0, 0x0, 0xaf,
    0xff, 0xff, 0xfb, 0x0, 0x6, 0xff, 0x50, 0x4,
    0xef, 0x80, 0xe, 0xf5, 0x0, 0x0, 0x3f, 0xf1,
    0x2f, 0xf0, 0x0, 0x0, 0xd, 0xf4, 0x4f, 0xc0,
    0x0, 0x0, 0xa, 0xf6, 0x4f, 0xc0, 0x0, 0x0,
    0xa, 0xf6, 0x2f, 0xe0, 0x1, 0x10, 0xd, 0xf4,
    0xe, 0xf5, 0x4, 0xfa, 0x3f, 0xf1, 0x6, 0xff,
    0x50, 0x8f, 0xff, 0x90, 0x0, 0xaf, 0xff, 0xff,
    0xfc, 0x0, 0x0, 0x5, 0xcf, 0xfc, 0xfd, 0x0,
    0x0, 0x0, 0x0, 0x0, 0x5f, 0xa0,

    /* U+0052 "R" */
    0xff, 0xff, 0xfe, 0x91, 0xf, 0xfd, 0xdd, 0xff,
    0xd0, 0xff, 0x20, 0x1, 0xdf, 0x6f, 0xf2, 0x0,
    0x7, 0xfa, 0xff, 0x20, 0x0, 0x8f, 0x9f, 0xf2,
    0x0, 0x4e, 0xf5, 0xff, 0xff, 0xff, 0xfb, 0xf,
    0xfd, 0xce, 0xfb, 0x0, 0xff, 0x20, 0x2f, 0xf2,
    0xf, 0xf2, 0x0, 0xaf, 0xa0, 0xff, 0x20, 0x2,
    0xff, 0x2f, 0xf2, 0x0, 0x9, 0xfb,

    /* U+0053 "S" */
    0x0, 0x4c, 0xff, 0xd7, 0x0, 0x6, 0xff, 0xee,
    0xff, 0xb0, 0xe, 0xf7, 0x0, 0x2e, 0xf3, 0x1f,
    0xf0, 0x0, 0x5, 0x93, 0xd, 0xfb, 0x20, 0x0,
    0x0, 0x3, 0xef, 0xfe, 0xa5, 0x0, 0x0, 0x5,
    0xae, 0xff, 0xc0, 0x0, 0x0, 0x0, 0x3d, 0xf7,
    0x4e, 0xa0, 0x0, 0x7, 0xfa, 0x1f, 0xf5, 0x0,
    0x1c, 0xf8, 0x8, 0xff, 0xee, 0xff, 0xe1, 0x0,
    0x5c, 0xff, 0xe9, 0x10,

    /* U+0054 "T" */
    0x8f, 0xff, 0xff, 0xff, 0xfc, 0x6d, 0xdd, 0xff,
    0xed, 0xda, 0x0, 0x0, 0xef, 0x30, 0x0, 0x0,
    0x0, 0xef, 0x30, 0x0, 0x0, 0x0, 0xef, 0x30,
    0x0, 0x0, 0x0, 0xef, 0x30, 0x0, 0x0, 0x0,
    0xef, 0x30, 0x0, 0x0, 0x0, 0xef, 0x30, 0x0,
    0x0, 0x0, 0xef, 0x30, 0x0, 0x0, 0x0, 0xef,
    0x30, 0x0, 0x0, 0x0, 0xef, 0x30, 0x0, 0x0,
    0x0, 0xef, 0x30, 0x0,

    /* U+0055 "U" */
    0xff, 0x10, 0x0, 0x9, 0xf7, 0xff, 0x10, 0x0,
    0x9, 0xf7, 0xff, 0x10, 0x0, 0x9, 0xf7, 0xff,
    0x10, 0x0, 0x9, 0xf7, 0xff, 0x10, 0x0, 0x9,
    0xf7, 0xff, 0x10, 0x0, 0x9, 0xf7, 0xff, 0x10,
    0x0, 0x9, 0xf7, 0xff, 0x10, 0x0, 0x9, 0xf7,
    0xef, 0x40, 0x0, 0xc, 0xf6, 0x9f, 0xd3, 0x0,
    0x8f, 0xf1, 0x1d, 0xff, 0xff, 0xff, 0x70, 0x1,
    0x8d, 0xff, 0xb4, 0x0,

    /* U+0056 "V" */
    0x9f, 0xa0, 0x0, 0x0, 0x5f, 0xe0, 0x3f, 0xf0,
    0x0, 0x0, 0xaf, 0x80, 0xe, 0xf5, 0x0, 0x0,
    0xff, 0x30, 0x8, 0xfa, 0x0, 0x4, 0xfd, 0x0,
    0x3, 0xff, 0x0, 0x9, 0xf8, 0x0, 0x0, 0xdf,
    0x50, 0xe, 0xf3, 0x0, 0x0, 0x8f, 0xa0, 0x4f,
    0xd0, 0x0, 0x0, 0x2f, 0xe0, 0x8f, 0x80, 0x0,
    0x0, 0xd, 0xf3, 0xdf, 0x20, 0x0, 0x0, 0x7,
    0xfa, 0xfd, 0x0, 0x0, 0x0, 0x2, 0xff, 0xf7,
    0x0, 0x0, 0x0, 0x0, 0xcf, 0xf2, 0x0, 0x0,

    /* U+0057 "W" */
    0xaf, 0x80, 0x0, 0x3f, 0xf3, 0x0, 0x9, 0xf9,
    0x6f, 0xc0, 0x0, 0x7f, 0xf7, 0x0, 0xd, 0xf5,
    0x1f, 0xf0, 0x0, 0xbf, 0xfb, 0x0, 0x1f, 0xf1,
    0xd, 0xf4, 0x0, 0xfd, 0xdf, 0x0, 0x4f, 0xd0,
    0x9, 0xf8, 0x3, 0xfa, 0xaf, 0x30, 0x8f, 0x90,
    0x5, 0xfc, 0x7, 0xf6, 0x6f, 0x70, 0xcf, 0x40,
    0x1, 0xff, 0xb, 0xf2, 0x2f, 0xa0, 0xff, 0x0,
    0x0, 0xcf, 0x3e, 0xe0, 0xe, 0xe3, 0xfc, 0x0,
    0x0, 0x8f, 0x8f, 0xa0, 0xa, 0xf8, 0xf8, 0x0,
    0x0, 0x4f, 0xef, 0x60, 0x6, 0xfe, 0xf4, 0x0,
    0x0, 0xf, 0xff, 0x20, 0x2, 0xff, 0xf0, 0x0,
    0x0, 0xc, 0xfd, 0x0, 0x0, 0xef, 0xb0, 0x0,

    /* U+0058 "X" */
    0x2f, 0xf4, 0x0, 0x1, 0xff, 0x40, 0x6f, 0xe0,
    0x0, 0xbf, 0xa0, 0x0, 0xcf, 0x90, 0x5f, 0xe1,
    0x0, 0x2, 0xff, 0x3e, 0xf5, 0x0, 0x0, 0x7,
    0xff, 0xfa, 0x0, 0x0, 0x0, 0xd, 0xff, 0x10,
    0x0, 0x0, 0x1, 0xef, 0xf4, 0x0, 0x0, 0x0,
    0xaf, 0xdf, 0xe0, 0x0, 0x0, 0x5f, 0xe0, 0xcf,
    0x90, 0x0, 0x1f, 0xf4, 0x2, 0xff, 0x40, 0xb,
    0xfa, 0x0, 0x7, 0xfd, 0x6, 0xfe, 0x10, 0x0,
    0xd, 0xf9,

    /* U+0059 "Y" */
    0x7f, 0xe0, 0x0, 0x0, 0xdf, 0x80, 0xdf, 0x70,
    0x0, 0x5f, 0xe0, 0x4, 0xff, 0x10, 0xe, 0xf6,
    0x0, 0xb, 0xf9, 0x7, 0xfd, 0x0, 0x0, 0x2f,
    0xf3, 0xef, 0x30, 0x0, 0x0, 0x8f, 0xef, 0xa0,
    0x0, 0x0, 0x0, 0xef, 0xf2, 0x0, 0x0, 0x0,
    0x8, 0xfa, 0x0, 0x0, 0x0, 0x0, 0x7f, 0x90,
    0x0, 0x0, 0x0, 0x7, 0xf9, 0x0, 0x0, 0x0,
    0x0, 0x7f, 0x90, 0x0, 0x0, 0x0, 0x7, 0xf9,
    0x0, 0x0,

    /* U+005A "Z" */
    0x4f, 0xff, 0xff, 0xff, 0xf8, 0x3d, 0xdd, 0xdd,
    0xdf, 0xf7, 0x0, 0x0, 0x0, 0x7f, 0xc0, 0x0,
    0x0, 0x4, 0xff, 0x20, 0x0, 0x0, 0x1e, 0xf6,
    0x0, 0x0, 0x0, 0xbf, 0xa0, 0x0, 0x0, 0x7,
    0xfd, 0x0, 0x0, 0x0, 0x3f, 0xf3, 0x0, 0x0,
    0x0, 0xdf, 0x70, 0x0, 0x0, 0xa, 0xfa, 0x0,
    0x0, 0x0, 0x4f, 0xfd, 0xdd, 0xdd, 0xd7, 0x5f,
    0xff, 0xff, 0xff, 0xf9,

    /* U+005B "[" */
    0xbf, 0xfd, 0xbf, 0xb8, 0xbf, 0x40, 0xbf, 0x40,
    0xbf, 0x40, 0xbf, 0x40, 0xbf, 0x40, 0xbf, 0x40,
    0xbf, 0x40, 0xbf, 0x40, 0xbf, 0x40, 0xbf, 0x40,
    0xbf, 0x40, 0xbf, 0xb8, 0xbf, 0xfd,

    /* U+005C "\\" */
    0x67, 0x0, 0x0, 0x9f, 0x20, 0x0, 0x5f, 0x70,
    0x0, 0x1f, 0xb0, 0x0, 0xd, 0xf0, 0x0, 0x8,
    0xf3, 0x0, 0x4, 0xf7, 0x0, 0x0, 0xfb, 0x0,
    0x0, 0xcf, 0x0, 0x0, 0x8f, 0x40, 0x0, 0x4f,
    0x80, 0x0, 0xf, 0xc0, 0x0, 0xb, 0xf0, 0x0,
    0x7, 0xf4, 0x0, 0x3, 0xf8,

    /* U+005D "]" */
    0x4f, 0xff, 0x33, 0xae, 0xf3, 0x0, 0xcf, 0x30,
    0xc, 0xf3, 0x0, 0xcf, 0x30, 0xc, 0xf3, 0x0,
    0xcf, 0x30, 0xc, 0xf3, 0x0, 0xcf, 0x30, 0xc,
    0xf3, 0x0, 0xcf, 0x30, 0xc, 0xf3, 0x0, 0xcf,
    0x33, 0xae, 0xf3, 0x4f, 0xff, 0x30,

    /* U+005E "^" */
    0x0, 0x3b, 0x90, 0x0, 0x0, 0xbf, 0xf3, 0x0,
    0x3, 0xf6, 0xea, 0x0, 0xa, 0xe0, 0x7f, 0x20,
    0x2f, 0x70, 0xf, 0xa0, 0x25, 0x0, 0x3, 0x40,

    /* U+005F "_" */
    0xbb, 0xbb, 0xbb, 0xb5, 0xff, 0xff, 0xff, 0xf8,

    /* U+0060 "`" */
    0x7, 0x70, 0x0, 0x7f, 0x40, 0x0, 0xcc, 0x0,

    /* U+0061 "a" */
    0x1, 0x9e, 0xfd, 0x80, 0xb, 0xfd, 0xae, 0xf8,
    0x1a, 0xa0, 0x2, 0xfe, 0x0, 0x3, 0x58, 0xff,
    0x7, 0xff, 0xfd, 0xff, 0x4f, 0xd4, 0x0, 0xff,
    0x6f, 0x90, 0x4, 0xff, 0x3f, 0xf9, 0xae, 0xff,
    0x6, 0xef, 0xd3, 0xff,

    /* U+0062 "b" */
    0xf, 0xf0, 0x0, 0x0, 0x0, 0xf, 0xf0, 0x0,
    0x0, 0x0, 0xf, 0xf0, 0x0, 0x0, 0x0, 0xf,
    0xf3, 0xcf, 0xd5, 0x0, 0xf, 0xfe, 0xdd, 0xff,
    0x40, 0xf, 0xf7, 0x0, 0x8f, 0xc0, 0xf, 0xf0,
    0x0, 0x1f, 0xf0, 0xf, 0xe0, 0x0, 0xf, 0xf1,
    0xf, 0xf0, 0x0, 0x1f, 0xf0, 0xf, 0xf7, 0x0,
    0x8f, 0xc0, 0xf, 0xfe, 0xdd, 0xff, 0x40, 0xf,
    0xf3, 0xcf, 0xd5, 0x0,

    /* U+0063 "c" */
    0x0, 0x6d, 0xfe, 0x91, 0x0, 0x7f, 0xfb, 0xdf,
    0xc0, 0x1f, 0xf3, 0x0, 0xcf, 0x45, 0xfb, 0x0,
    0x1, 0x20, 0x6f, 0xa0, 0x0, 0x0, 0x5, 0xfb,
    0x0, 0x2, 0x20, 0x1f, 0xf3, 0x0, 0xcf, 0x40,
    0x7f, 0xfc, 0xef, 0xc0, 0x0, 0x6d, 0xfe, 0x90,
    0x0,

    /* U+0064 "d" */
    0x0, 0x0, 0x0, 0x4f, 0xb0, 0x0, 0x0, 0x4,
    0xfb, 0x0, 0x0, 0x0, 0x4f, 0xb0, 0x8, 0xef,
    0xa5, 0xfb, 0x9, 0xff, 0xce, 0xef, 0xb1, 0xff,
    0x30, 0xc, 0xfb, 0x5f, 0xb0, 0x0, 0x5f, 0xb6,
    0xfa, 0x0, 0x3, 0xfb, 0x5f, 0xc0, 0x0, 0x5f,
    0xb1, 0xff, 0x30, 0xc, 0xfb, 0x9, 0xff, 0xce,
    0xdf, 0xb0, 0x8, 0xef, 0xa5, 0xfb,

    /* U+0065 "e" */
    0x0, 0x6d, 0xfe, 0x80, 0x0, 0x7f, 0xea, 0xdf,
    0xa0, 0x1f, 0xe1, 0x0, 0xcf, 0x35, 0xfa, 0x11,
    0x18, 0xf7, 0x6f, 0xff, 0xff, 0xff, 0x95, 0xfb,
    0x44, 0x44, 0x42, 0x1f, 0xe1, 0x0, 0x69, 0x30,
    0x7f, 0xea, 0xcf, 0xe1, 0x0, 0x6d, 0xfe, 0xa1,
    0x0,

    /* U+0066 "f" */
    0x0, 0x6e, 0xf8, 0x2, 0xff, 0xb5, 0x4, 0xfb,
    0x0, 0xdf, 0xff, 0xf7, 0x9c, 0xfe, 0xa4, 0x5,
    0xfb, 0x0, 0x5, 0xfb, 0x0, 0x5, 0xfb, 0x0,
    0x5, 0xfb, 0x0, 0x5, 0xfb, 0x0, 0x5, 0xfb,
    0x0, 0x5, 0xfb, 0x0,

    /* U+0067 "g" */
    0x0, 0x8e, 0xfa, 0x5f, 0xb0, 0x9f, 0xfb, 0xee,
    0xfb, 0x1f, 0xf3, 0x0, 0xcf, 0xb5, 0xfc, 0x0,
    0x5, 0xfb, 0x6f, 0xa0, 0x0, 0x3f, 0xb5, 0xfb,
    0x0, 0x5, 0xfb, 0x1f, 0xf2, 0x0, 0xcf, 0xb0,
    0xaf, 0xfb, 0xde, 0xfb, 0x0, 0x8e, 0xfb, 0x5f,
    0xb0, 0x46, 0x0, 0x7, 0xf9, 0xb, 0xfd, 0x9b,
    0xff, 0x20, 0x8, 0xef, 0xfb, 0x30,

    /* U+0068 "h" */
    0xf, 0xf0, 0x0, 0x0, 0x0, 0xff, 0x0, 0x0,
    0x0, 0xf, 0xf0, 0x0, 0x0, 0x0, 0xff, 0x3c,
    0xfd, 0x40, 0xf, 0xfe, 0xde, 0xff, 0x10, 0xff,
    0x60, 0xd, 0xf6, 0xf, 0xf0, 0x0, 0x8f, 0x70,
    0xff, 0x0, 0x8, 0xf7, 0xf, 0xf0, 0x0, 0x8f,
    0x70, 0xff, 0x0, 0x8, 0xf7, 0xf, 0xf0, 0x0,
    0x8f, 0x70, 0xff, 0x0, 0x8, 0xf7,

    /* U+0069 "i" */
    0x1d, 0xd0, 0x2f, 0xf1, 0x3, 0x20, 0xf, 0xf0,
    0xf, 0xf0, 0xf, 0xf0, 0xf, 0xf0, 0xf, 0xf0,
    0xf, 0xf0, 0xf, 0xf0, 0xf, 0xf0, 0xf, 0xf0,

    /* U+006A "j" */
    0x1, 0xdd, 0x0, 0x2f, 0xf1, 0x0, 0x33, 0x0,
    0xf, 0xf0, 0x0, 0xff, 0x0, 0xf, 0xf0, 0x0,
    0xff, 0x0, 0xf, 0xf0, 0x0, 0xff, 0x0, 0xf,
    0xf0, 0x0, 0xff, 0x0, 0xf, 0xf0, 0x1, 0xff,
    0x4, 0xdf, 0xc0, 0x7f, 0xc2, 0x0,

    /* U+006B "k" */
    0xf, 0xf0, 0x0, 0x0, 0x0, 0xff, 0x0, 0x0,
    0x0, 0xf, 0xf0, 0x0, 0x0, 0x0, 0xff, 0x0,
    0x3f, 0xf3, 0xf, 0xf0, 0x2e, 0xf5, 0x0, 0xff,
    0x1d, 0xf7, 0x0, 0xf, 0xfb, 0xfa, 0x0, 0x0,
    0xff, 0xff, 0x90, 0x0, 0xf, 0xf9, 0xff, 0x50,
    0x0, 0xff, 0x6, 0xfe, 0x10, 0xf, 0xf0, 0xa,
    0xfb, 0x0, 0xff, 0x0, 0x1e, 0xf7,

    /* U+006C "l" */
    0xf, 0xf0, 0xff, 0xf, 0xf0, 0xff, 0xf, 0xf0,
    0xff, 0xf, 0xf0, 0xff, 0xf, 0xf0, 0xff, 0xf,
    0xf0, 0xff,

    /* U+006D "m" */
    0xf, 0xe4, 0xdf, 0xb1, 0x5d, 0xfc, 0x20, 0xf,
    0xfe, 0xae, 0xfc, 0xea, 0xdf, 0xd0, 0xf, 0xf3,
    0x1, 0xff, 0x40, 0xf, 0xf1, 0xf, 0xf0, 0x0,
    0xef, 0x0, 0xd, 0xf2, 0xf, 0xf0, 0x0, 0xef,
    0x0, 0xd, 0xf2, 0xf, 0xf0, 0x0, 0xef, 0x0,
    0xd, 0xf2, 0xf, 0xf0, 0x0, 0xef, 0x0, 0xd,
    0xf2, 0xf, 0xf0, 0x0, 0xef, 0x0, 0xd, 0xf2,
    0xf, 0xf0, 0x0, 0xef, 0x0, 0xd, 0xf2,

    /* U+006E "n" */
    0xf, 0xe3, 0xdf, 0xd4, 0x0, 0xff, 0xeb, 0xdf,
    0xf1, 0xf, 0xf5, 0x0, 0xcf, 0x60, 0xff, 0x0,
    0x8, 0xf7, 0xf, 0xf0, 0x0, 0x8f, 0x70, 0xff,
    0x0, 0x8, 0xf7, 0xf, 0xf0, 0x0, 0x8f, 0x70,
    0xff, 0x0, 0x8, 0xf7, 0xf, 0xf0, 0x0, 0x8f,
    0x70,

    /* U+006F "o" */
    0x0, 0x6d, 0xfe, 0x91, 0x0, 0x7f, 0xfc, 0xef,
    0xd0, 0x1f, 0xf3, 0x0, 0xcf, 0x75, 0xfb, 0x0,
    0x5, 0xfb, 0x6f, 0xa0, 0x0, 0x3f, 0xc5, 0xfb,
    0x0, 0x5, 0xfb, 0x1f, 0xf3, 0x0, 0xcf, 0x70,
    0x7f, 0xfc, 0xef, 0xd0, 0x0, 0x6d, 0xfe, 0x91,
    0x0,

    /* U+0070 "p" */
    0xf, 0xf4, 0xdf, 0xd5, 0x0, 0xf, 0xff, 0xab,
    0xff, 0x40, 0xf, 0xf6, 0x0, 0x7f, 0xc0, 0xf,
    0xf0, 0x0, 0xf, 0xf0, 0xf, 0xe0, 0x0, 0xf,
    0xf1, 0xf, 0xf0, 0x0, 0x1f, 0xf0, 0xf, 0xf8,
    0x0, 0x8f, 0xc0, 0xf, 0xfe, 0xdd, 0xff, 0x40,
    0xf, 0xf3, 0xcf, 0xd5, 0x0, 0xf, 0xf0, 0x0,
    0x0, 0x0, 0xf, 0xf0, 0x0, 0x0, 0x0, 0xf,
    0xf0, 0x0, 0x0, 0x0,

    /* U+0071 "q" */
    0x0, 0x8e, 0xfa, 0x5f, 0xb0, 0x9f, 0xfc, 0xee,
    0xfb, 0x1f, 0xf3, 0x0, 0xcf, 0xb5, 0xfb, 0x0,
    0x5, 0xfb, 0x6f, 0xa0, 0x0, 0x3f, 0xb5, 0xfc,
    0x0, 0x5, 0xfb, 0x1f, 0xf3, 0x0, 0xcf, 0xb0,
    0x9f, 0xfc, 0xee, 0xfb, 0x0, 0x8e, 0xfa, 0x5f,
    0xb0, 0x0, 0x0, 0x4, 0xfb, 0x0, 0x0, 0x0,
    0x4f, 0xb0, 0x0, 0x0, 0x4, 0xfb,

    /* U+0072 "r" */
    0xf, 0xe6, 0xeb, 0xf, 0xff, 0xc8, 0xf, 0xf6,
    0x0, 0xf, 0xf0, 0x0, 0xf, 0xf0, 0x0, 0xf,
    0xf0, 0x0, 0xf, 0xf0, 0x0, 0xf, 0xf0, 0x0,
    0xf, 0xf0, 0x0,

    /* U+0073 "s" */
    0x2, 0xbf, 0xfd, 0x50, 0xe, 0xfb, 0x9e, 0xf4,
    0x3f, 0xd0, 0x4, 0xb6, 0x1f, 0xf9, 0x41, 0x0,
    0x4, 0xdf, 0xff, 0xb2, 0x0, 0x2, 0x5c, 0xfb,
    0x4c, 0x90, 0x4, 0xfc, 0x1e, 0xfb, 0x9e, 0xf7,
    0x2, 0xaf, 0xfd, 0x70,

    /* U+0074 "t" */
    0x8, 0xf8, 0x0, 0x8, 0xf8, 0x0, 0xdf, 0xff,
    0xf3, 0x9d, 0xfd, 0xa2, 0x8, 0xf8, 0x0, 0x8,
    0xf8, 0x0, 0x8, 0xf8, 0x0, 0x8, 0xf8, 0x0,
    0x7, 0xf8, 0x0, 0x6, 0xfe, 0xb2, 0x0, 0xaf,
    0xf3,

    /* U+0075 "u" */
    0xf, 0xf0, 0x0, 0x8f, 0x70, 0xff, 0x0, 0x8,
    0xf7, 0xf, 0xf0, 0x0, 0x8f, 0x70, 0xff, 0x0,
    0x8, 0xf7, 0xf, 0xf0, 0x0, 0x8f, 0x70, 0xff,
    0x0, 0x9, 0xf7, 0xf, 0xf5, 0x1, 0xef, 0x70,
    0x9f, 0xfd, 0xfd, 0xf7, 0x0, 0xaf, 0xe8, 0x7f,
    0x70,

    /* U+0076 "v" */
    0x9f, 0x80, 0x0, 0x8f, 0x94, 0xfd, 0x0, 0xd,
    0xf3, 0xe, 0xf2, 0x2, 0xfe, 0x0, 0x8f, 0x70,
    0x7f, 0x80, 0x3, 0xfc, 0xc, 0xf2, 0x0, 0xd,
    0xf2, 0xfd, 0x0, 0x0, 0x7f, 0xbf, 0x70, 0x0,
    0x2, 0xff, 0xf2, 0x0, 0x0, 0xc, 0xfc, 0x0,
    0x0,

    /* U+0077 "w" */
    0xaf, 0x70, 0x8, 0xf9, 0x0, 0x6f, 0xb5, 0xfb,
    0x0, 0xcf, 0xd0, 0xa, 0xf6, 0x1f, 0xe0, 0xf,
    0xff, 0x10, 0xef, 0x10, 0xcf, 0x34, 0xf9, 0xf5,
    0x2f, 0xd0, 0x7, 0xf6, 0x8f, 0x1f, 0x96, 0xf8,
    0x0, 0x3f, 0xac, 0xc0, 0xcc, 0x9f, 0x40, 0x0,
    0xee, 0xf8, 0x7, 0xfd, 0xf0, 0x0, 0x9, 0xff,
    0x40, 0x3f, 0xfa, 0x0, 0x0, 0x5f, 0xf0, 0x0,
    0xff, 0x60, 0x0,

    /* U+0078 "x" */
    0x4f, 0xe0, 0x2, 0xff, 0x10, 0xaf, 0x80, 0xbf,
    0x60, 0x1, 0xef, 0x6f, 0xc0, 0x0, 0x5, 0xff,
    0xf2, 0x0, 0x0, 0xf, 0xfb, 0x0, 0x0, 0x7,
    0xff, 0xf4, 0x0, 0x2, 0xfe, 0x3f, 0xd0, 0x0,
    0xcf, 0x50, 0xaf, 0x80, 0x6f, 0xc0, 0x1, 0xff,
    0x20,

    /* U+0079 "y" */
    0x9f, 0x80, 0x0, 0x8f, 0x93, 0xfd, 0x0, 0xd,
    0xf3, 0xd, 0xf2, 0x2, 0xfd, 0x0, 0x7f, 0x80,
    0x8f, 0x70, 0x1, 0xfd, 0xd, 0xf1, 0x0, 0xb,
    0xf5, 0xfb, 0x0, 0x0, 0x5f, 0xef, 0x50, 0x0,
    0x0, 0xff, 0xf0, 0x0, 0x0, 0xa, 0xf9, 0x0,
    0x0, 0x0, 0xdf, 0x30, 0x0, 0x9, 0xcf, 0xc0,
    0x0, 0x0, 0xef, 0xb1, 0x0, 0x0,

    /* U+007A "z" */
    0x1f, 0xff, 0xff, 0xf9, 0x1c, 0xcc, 0xcf, 0xf8,
    0x0, 0x0, 0x5f, 0xd0, 0x0, 0x2, 0xff, 0x20,
    0x0, 0xd, 0xf6, 0x0, 0x0, 0x9f, 0xa0, 0x0,
    0x5, 0xfe, 0x10, 0x0, 0x1f, 0xfd, 0xcc, 0xc8,
    0x2f, 0xff, 0xff, 0xfb,

    /* U+007B "{" */
    0x0, 0x3b, 0xf4, 0x0, 0xef, 0xc3, 0x3, 0xfc,
    0x0, 0x4, 0xfa, 0x0, 0x4, 0xfa, 0x0, 0x5,
    0xf9, 0x0, 0xa, 0xf5, 0x0, 0xff, 0x70, 0x0,
    0xff, 0xf5, 0x0, 0x9, 0xf9, 0x0, 0x4, 0xfa,
    0x0, 0x4, 0xfa, 0x0, 0x4, 0xfc, 0x0, 0x0,
    0xff, 0xc3, 0x0, 0x4c, 0xf4,

    /* U+007C "|" */
    0x3f, 0xa3, 0xfa, 0x3f, 0xa3, 0xfa, 0x3f, 0xa3,
    0xfa, 0x3f, 0xa3, 0xfa, 0x3f, 0xa3, 0xfa, 0x3f,
    0xa3, 0xfa, 0x3f, 0xa3, 0xfa, 0x3f, 0xa3, 0xfa,
    0x3f, 0xa3, 0xfa, 0x3f, 0xa3, 0xfa,

    /* U+007D "}" */
    0x4f, 0xb2, 0x0, 0x3c, 0xfe, 0x0, 0x0, 0xcf,
    0x30, 0x0, 0xaf, 0x40, 0x0, 0xaf, 0x40, 0x0,
    0xaf, 0x40, 0x0, 0x5f, 0xa0, 0x0, 0x7, 0xff,
    0x0, 0x5f, 0xff, 0x0, 0xaf, 0x90, 0x0, 0xaf,
    0x40, 0x0, 0xaf, 0x40, 0x0, 0xcf, 0x30, 0x3c,
    0xff, 0x0, 0x4f, 0xc4, 0x0,

    /* U+007E "~" */
    0x8, 0xc8, 0x0, 0x17, 0x37, 0xff, 0xfc, 0x17,
    0xf5, 0xce, 0x16, 0xff, 0xff, 0x18, 0x80, 0x5,
    0xee, 0x50,

    /* U+00A0 " " */

    /* U+00A1 "¡" */
    0xb, 0xe3, 0xf, 0xf6, 0x4, 0x80, 0x5, 0x71,
    0xb, 0xf2, 0xc, 0xf3, 0xc, 0xf3, 0xc, 0xf3,
    0xc, 0xf3, 0xd, 0xf4, 0xd, 0xf4, 0xd, 0xf4,

    /* U+00A2 "¢" */
    0x0, 0x0, 0xd2, 0x0, 0x0, 0x2, 0x8f, 0xa4,
    0x0, 0x3, 0xff, 0xff, 0xf8, 0x0, 0xdf, 0x7d,
    0x5e, 0xf2, 0x3f, 0xd0, 0xd2, 0x58, 0x26, 0xfa,
    0xd, 0x20, 0x0, 0x6f, 0xa0, 0xd2, 0x0, 0x3,
    0xfd, 0xd, 0x25, 0x83, 0xd, 0xf7, 0xd5, 0xef,
    0x20, 0x3f, 0xff, 0xff, 0x80, 0x0, 0x28, 0xfa,
    0x40, 0x0, 0x0, 0xd, 0x20, 0x0,

    /* U+00A3 "£" */
    0x0, 0x8, 0xef, 0xd7, 0x0, 0x0, 0xaf, 0xfd,
    0xff, 0x80, 0x2, 0xff, 0x20, 0x2f, 0xf0, 0x4,
    0xfb, 0x0, 0x5, 0x60, 0x4, 0xfb, 0x0, 0x0,
    0x0, 0x5f, 0xff, 0xff, 0xd0, 0x0, 0x3a, 0xfe,
    0x99, 0x70, 0x0, 0x2, 0xfd, 0x0, 0x0, 0x0,
    0x1, 0xfd, 0x0, 0x0, 0x0, 0x3, 0xfa, 0x0,
    0x9, 0xd2, 0x5f, 0xfd, 0xdd, 0xdf, 0xf1, 0x5f,
    0xff, 0xff, 0xfe, 0x60,

    /* U+00A4 "¤" */
    0x1, 0x0, 0x1, 0x10, 0x1, 0x0, 0xcb, 0x7e,
    0xff, 0xc5, 0xd9, 0x6, 0xff, 0xa5, 0x6c, 0xff,
    0x30, 0x4f, 0x60, 0x0, 0xa, 0xf1, 0xa, 0xc0,
    0x0, 0x0, 0x1f, 0x60, 0xd8, 0x0, 0x0, 0x0,
    0xd9, 0xd, 0x90, 0x0, 0x0, 0xd, 0x80, 0xad,
    0x0, 0x0, 0x2, 0xf5, 0x4, 0xf8, 0x0, 0x0,
    0xcf, 0x0, 0xbf, 0xfc, 0x78, 0xef, 0xf7, 0x8,
    0x65, 0xcf, 0xfb, 0x2a, 0x50, 0x0, 0x0, 0x0,
    0x0, 0x0,

    /* U+00A5 "¥" */
    0xaf, 0x70, 0x0, 0xbf, 0x62, 0xfe, 0x0, 0x2f,
    0xe0, 0xb, 0xf5, 0x8, 0xf7, 0x0, 0x3f, 0xc0,
    0xff, 0x10, 0x0, 0xcf, 0xaf, 0x80, 0x1, 0x8b,
    0xff, 0xfa, 0x60, 0x2f, 0xff, 0xff, 0xfc, 0x0,
    0x11, 0xaf, 0x71, 0x0, 0x2f, 0xff, 0xff, 0xfc,
    0x0, 0x44, 0xbf, 0x84, 0x30, 0x0, 0xa, 0xf6,
    0x0, 0x0, 0x0, 0xaf, 0x60, 0x0,

    /* U+00A6 "¦" */
    0x8f, 0x58, 0xf5, 0x8f, 0x58, 0xf5, 0x8f, 0x54,
    0x93, 0x0, 0x0, 0x0, 0x0, 0x8, 0xf5, 0x8f,
    0x58, 0xf5, 0x8f, 0x58, 0xf5, 0x5a, 0x30,

    /* U+00A7 "§" */
    0x0, 0x8e, 0xfd, 0x50, 0x0, 0x7f, 0xeb, 0xff,
    0x30, 0xb, 0xf2, 0x5, 0xf7, 0x0, 0xaf, 0x60,
    0x0, 0x0, 0x2, 0xef, 0xb3, 0x0, 0x0, 0xae,
    0xbf, 0xfb, 0x10, 0x3f, 0x50, 0x2a, 0xfc, 0x3,
    0xf9, 0x0, 0xa, 0xf1, 0xc, 0xfc, 0x40, 0xae,
    0x0, 0x8, 0xff, 0xed, 0x30, 0x0, 0x1, 0x8f,
    0xf2, 0x0, 0x33, 0x0, 0x6f, 0x80, 0xe, 0xf3,
    0x8, 0xf8, 0x0, 0x6f, 0xff, 0xff, 0x20, 0x0,
    0x4a, 0xb9, 0x20, 0x0,

    /* U+00A8 "¨" */
    0x2, 0x20, 0x3, 0x0, 0xff, 0x19, 0xf7, 0xc,
    0xd0, 0x6f, 0x40,

    /* U+00A9 "©" */
    0x0, 0x1, 0x7a, 0xb9, 0x30, 0x0, 0x0, 0x5,
    0xff, 0xff, 0xff, 0xa0, 0x0, 0x5, 0xfe, 0x61,
    0x3, 0xbf, 0xb0, 0x1, 0xfe, 0x21, 0x78, 0x40,
    0x9f, 0x60, 0x7f, 0x52, 0xef, 0xff, 0x90, 0xed,
    0xb, 0xf0, 0xce, 0x30, 0x9f, 0x39, 0xf1, 0xce,
    0xf, 0x80, 0x0, 0x10, 0x7f, 0x3b, 0xf0, 0xeb,
    0x0, 0x4a, 0x28, 0xf2, 0x8f, 0x47, 0xfc, 0x9f,
    0xd0, 0xde, 0x2, 0xfc, 0x7, 0xef, 0xb2, 0x6f,
    0x80, 0x8, 0xfc, 0x20, 0x0, 0x7f, 0xe1, 0x0,
    0xa, 0xff, 0xdc, 0xff, 0xe2, 0x0, 0x0, 0x4,
    0xbf, 0xfd, 0x80, 0x0, 0x0,

    /* U+00AA "ª" */
    0x5, 0xdf, 0xe6, 0x2, 0xfb, 0x5b, 0xf3, 0x2,
    0x12, 0x8f, 0x61, 0xaf, 0xfd, 0xf6, 0x7f, 0x50,
    0x4f, 0x67, 0xf7, 0x4c, 0xf6, 0x1b, 0xfe, 0x7f,
    0x60,

    /* U+00AB "«" */
    0x0, 0xc, 0xf6, 0x5f, 0xd0, 0x0, 0xaf, 0x92,
    0xff, 0x20, 0x7, 0xfc, 0x1d, 0xf4, 0x0, 0x3f,
    0xf1, 0xaf, 0x90, 0x0, 0xb, 0xf7, 0x4f, 0xe1,
    0x0, 0x1, 0xef, 0x47, 0xfc, 0x0, 0x0, 0x3f,
    0xe2, 0xaf, 0x90, 0x0, 0x3, 0x64, 0x6, 0x60,

    /* U+00AC "¬" */
    0x4b, 0xbb, 0xbb, 0xb6, 0x5f, 0xff, 0xff, 0xf8,
    0x0, 0x0, 0x3, 0xf8, 0x0, 0x0, 0x3, 0xf8,

    /* U+00AE "®" */
    0x0, 0x0, 0x0, 0x0, 0x0, 0x0, 0x2a, 0xff,
    0xc5, 0x0, 0x3, 0xfa, 0x43, 0x7f, 0x80, 0xd,
    0x87, 0xee, 0x83, 0xf3, 0x3f, 0x7, 0x93, 0xf0,
    0x99, 0x5d, 0x7, 0xff, 0xa0, 0x7b, 0x4e, 0x7,
    0x97, 0xb0, 0x8a, 0xe, 0x63, 0x40, 0x72, 0xe4,
    0x5, 0xf7, 0x10, 0x4d, 0xb0, 0x0, 0x4d, 0xff,
    0xf8, 0x0, 0x0, 0x0, 0x22, 0x0, 0x0,

    /* U+00AF "¯" */
    0x12, 0x22, 0x1d, 0xff, 0xf9, 0x44, 0x44, 0x20,

    /* U+00B0 "°" */
    0x0, 0x47, 0x40, 0x0, 0x7f, 0xff, 0x90, 0xf,
    0xa0, 0x8f, 0x22, 0xf4, 0x3, 0xf4, 0xf, 0xb3,
    0xaf, 0x10, 0x5f, 0xff, 0x60, 0x0, 0x14, 0x20,
    0x0,

    /* U+00B1 "±" */
    0x0, 0x9, 0xf2, 0x0, 0x0, 0x0, 0x9f, 0x20,
    0x0, 0x7b, 0xbe, 0xfc, 0xbb, 0x19, 0xff, 0xff,
    0xff, 0xf2, 0x0, 0x9, 0xf2, 0x0, 0x0, 0x0,
    0x9f, 0x20, 0x0, 0x0, 0x2, 0x40, 0x0, 0x7,
    0xcc, 0xcc, 0xcc, 0xc1, 0x9f, 0xff, 0xff, 0xff,
    0x20,

    /* U+00B2 "²" */
    0x6, 0xef, 0xc3, 0x2, 0xfa, 0x5e, 0xd0, 0x15,
    0x10, 0xbe, 0x0, 0x0, 0x8f, 0x80, 0x0, 0xaf,
    0x70, 0x1, 0xcf, 0x95, 0x50, 0x4f, 0xff, 0xff,
    0x0,

    /* U+00B3 "³" */
    0x5, 0xdf, 0xd4, 0x1, 0xfb, 0x5c, 0xf0, 0x3,
    0x10, 0xae, 0x0, 0x5, 0xff, 0x60, 0x13, 0x12,
    0xaf, 0x33, 0xfb, 0x5b, 0xf3, 0x6, 0xdf, 0xd6,
    0x0,

    /* U+00B4 "´" */
    0x0, 0x77, 0x0, 0x5f, 0x60, 0xd, 0xb0, 0x0,

    /* U+00B5 "µ" */
    0xf, 0xf0, 0x0, 0x8f, 0x70, 0xf, 0xf0, 0x0,
    0x8f, 0x70, 0xf, 0xf0, 0x0, 0x8f, 0x70, 0xf,
    0xf0, 0x0, 0x8f, 0x70, 0xf, 0xf0, 0x0, 0x8f,
    0x70, 0xf, 0xf0, 0x0, 0x8f, 0x70, 0xf, 0xf4,
    0x0, 0xcf, 0x70, 0xf, 0xfe, 0xac, 0xef, 0xe4,
    0xf, 0xf6, 0xfc, 0x2a, 0xf8, 0xf, 0xf0, 0x0,
    0x0, 0x0, 0xf, 0xf0, 0x0, 0x0, 0x0, 0xf,
    0xf0, 0x0, 0x0, 0x0,

    /* U+00B6 "¶" */
    0x0, 0x9e, 0xff, 0xff, 0x40, 0xcf, 0xff, 0xbd,
    0xf4, 0x4f, 0xff, 0xf2, 0x7f, 0x47, 0xff, 0xff,
    0x27, 0xf4, 0x6f, 0xff, 0xf2, 0x7f, 0x41, 0xff,
    0xff, 0x27, 0xf4, 0x6, 0xff, 0xf2, 0x7f, 0x40,
    0x2, 0x78, 0x17, 0xf4, 0x0, 0x0, 0x0, 0x7f,
    0x40, 0x0, 0x0, 0x7, 0xf4, 0x0, 0x0, 0x0,
    0x7f, 0x40, 0x0, 0x0, 0x7, 0xf4,

    /* U+00B7 "·" */
    0x4, 0x70, 0xf, 0xf5, 0xb, 0xe2,

    /* U+00B8 "¸" */
    0xb, 0x0, 0x1f, 0xa1, 0x0, 0xe6, 0x6f, 0xd2,

    /* U+00B9 "¹" */
    0x8, 0xfe, 0x6f, 0xee, 0x31, 0xbe, 0x0, 0xbe,
    0x0, 0xbe, 0x0, 0xbe, 0x0, 0xbe,

    /* U+00BA "º" */
    0x3, 0xcf, 0xe8, 0x0, 0x1e, 0xe7, 0x9f, 0x90,
    0x6f, 0x50, 0xc, 0xf0, 0x8f, 0x20, 0xa, 0xf1,
    0x6f, 0x50, 0xc, 0xf0, 0x1e, 0xe7, 0x9f, 0x90,
    0x3, 0xcf, 0xe8, 0x0,

    /* U+00BB "»" */
    0x3f, 0xe2, 0xaf, 0x80, 0x0, 0x5, 0xfd, 0x1d,
    0xf5, 0x0, 0x0, 0x9f, 0xa2, 0xff, 0x30, 0x0,
    0xd, 0xf6, 0x5f, 0xe0, 0x0, 0x4f, 0xe1, 0xbf,
    0x70, 0x2, 0xef, 0x38, 0xfa, 0x0, 0xc, 0xf6,
    0x5f, 0xd0, 0x0, 0x26, 0x50, 0x56, 0x20, 0x0,

    /* U+00BC "¼" */
    0x6, 0xb4, 0x0, 0x0, 0xa, 0x60, 0x7, 0xdf,
    0x60, 0x0, 0x9, 0xe1, 0x0, 0x30, 0xf6, 0x0,
    0x3, 0xf5, 0x0, 0x0, 0xf, 0x60, 0x0, 0xda,
    0x0, 0x0, 0x0, 0xf6, 0x0, 0x9e, 0x10, 0x0,
    0x0, 0xf, 0x60, 0x3f, 0x50, 0x59, 0x40, 0x0,
    0xf6, 0xd, 0xa0, 0x1e, 0xf7, 0x0, 0x0, 0x8,
    0xe1, 0x9, 0xcf, 0x70, 0x0, 0x3, 0xf5, 0x2,
    0xf3, 0xf7, 0x0, 0x0, 0xdb, 0x0, 0xba, 0xf,
    0x70, 0x0, 0x8f, 0x10, 0xf, 0xff, 0xff, 0x30,
    0x3f, 0x60, 0x0, 0x33, 0x3f, 0x80, 0x4, 0x50,
    0x0, 0x0, 0x0, 0x62, 0x0,

    /* U+00BD "½" */
    0x2, 0x72, 0x0, 0x0, 0x6, 0x40, 0x4, 0xff,
    0x60, 0x0, 0x6, 0xf2, 0x0, 0x64, 0xf6, 0x0,
    0x2, 0xf7, 0x0, 0x0, 0xf, 0x60, 0x0, 0xcc,
    0x0, 0x0, 0x0, 0xf6, 0x0, 0x7f, 0x20, 0x0,
    0x0, 0xf, 0x60, 0x3f, 0x60, 0x0, 0x0, 0x0,
    0xf6, 0xd, 0xb0, 0x4e, 0xfd, 0x20, 0x4, 0x18,
    0xe1, 0xe, 0xb5, 0xe9, 0x0, 0x3, 0xf5, 0x0,
    0x20, 0xe, 0x70, 0x0, 0xda, 0x0, 0x0, 0x1c,
    0xb0, 0x0, 0x9e, 0x10, 0x0, 0x3e, 0xa0, 0x0,
    0x4f, 0x40, 0x0, 0xe, 0xff, 0xfb, 0x2, 0x30,
    0x0, 0x0, 0x33, 0x33, 0x20,

    /* U+00BE "¾" */
    0x7, 0xef, 0x80, 0x0, 0x0, 0xcc, 0x0, 0x2f,
    0x76, 0xf3, 0x0, 0x7, 0xf2, 0x0, 0x1, 0x3,
    0xf3, 0x0, 0x2f, 0x70, 0x0, 0x0, 0xaf, 0xa0,
    0x0, 0xbc, 0x0, 0x0, 0x0, 0x14, 0xf6, 0x6,
    0xf3, 0x0, 0x0, 0x5e, 0x32, 0xf8, 0x1f, 0x80,
    0x0, 0x0, 0xb, 0xff, 0xd1, 0xad, 0x0, 0x6f,
    0xb0, 0x0, 0x22, 0x5, 0xf3, 0x1, 0xec, 0xb0,
    0x0, 0x0, 0x1e, 0x90, 0xb, 0x9a, 0xb0, 0x0,
    0x0, 0x9e, 0x0, 0x6e, 0x1a, 0xb0, 0x0, 0x4,
    0xf4, 0x0, 0xbf, 0xff, 0xf8, 0x0, 0xd, 0xa0,
    0x0, 0x23, 0x3b, 0xc1, 0x0, 0x26, 0x10, 0x0,
    0x0, 0x4, 0x40,

    /* U+00BF "¿" */
    0x0, 0x4, 0xf9, 0x0, 0x0, 0x0, 0x8f, 0xd0,
    0x0, 0x0, 0x1, 0x73, 0x0, 0x0, 0x0, 0x15,
    0x30, 0x0, 0x0, 0x4, 0xf9, 0x0, 0x0, 0x1,
    0xcf, 0x60, 0x0, 0x3, 0xef, 0x90, 0x0, 0x0,
    0xef, 0x50, 0x0, 0x0, 0x3f, 0xc0, 0x0, 0x68,
    0x13, 0xfe, 0x10, 0x2f, 0xf1, 0xc, 0xfe, 0xcf,
    0xf9, 0x0, 0x19, 0xef, 0xd7, 0x0,

    /* U+00C0 "À" */
    0x0, 0x6, 0xf8, 0x0, 0x0, 0x0, 0x0, 0x0,
    0xae, 0x0, 0x0, 0x0, 0x0, 0x0, 0x18, 0x20,
    0x0, 0x0, 0x0, 0x0, 0x0, 0x0, 0x0, 0x0,
    0x0, 0x0, 0xdf, 0xf2, 0x0, 0x0, 0x0, 0x2,
    0xff, 0xf7, 0x0, 0x0, 0x0, 0x8, 0xf9, 0xfd,
    0x0, 0x0, 0x0, 0xd, 0xf2, 0xdf, 0x20, 0x0,
    0x0, 0x3f, 0xe0, 0x9f, 0x80, 0x0, 0x0, 0x8f,
    0x90, 0x4f, 0xd0, 0x0, 0x0, 0xef, 0x40, 0xf,
    0xf3, 0x0, 0x3, 0xff, 0xcc, 0xcf, 0xf8, 0x0,
    0x9, 0xff, 0xff, 0xff, 0xfe, 0x0, 0xe, 0xf4,
    0x0, 0x0, 0xff, 0x30, 0x4f, 0xf0, 0x0, 0x0,
    0xaf, 0x90, 0x9f, 0xa0, 0x0, 0x0, 0x5f, 0xe0,

    /* U+00C1 "Á" */
    0x0, 0x0, 0x2, 0xfb, 0x0, 0x0, 0x0, 0x0,
    0xa, 0xe1, 0x0, 0x0, 0x0, 0x0, 0x7, 0x40,
    0x0, 0x0, 0x0, 0x0, 0x0, 0x0, 0x0, 0x0,
    0x0, 0x0, 0xdf, 0xf2, 0x0, 0x0, 0x0, 0x2,
    0xff, 0xf7, 0x0, 0x0, 0x0, 0x8, 0xf9, 0xfd,
    0x0, 0x0, 0x0, 0xd, 0xf2, 0xdf, 0x20, 0x0,
    0x0, 0x3f, 0xe0, 0x9f, 0x80, 0x0, 0x0, 0x8f,
    0x90, 0x4f, 0xd0, 0x0, 0x0, 0xef, 0x40, 0xf,
    0xf3, 0x0, 0x3, 0xff, 0xcc, 0xcf, 0xf8, 0x0,
    0x9, 0xff, 0xff, 0xff, 0xfe, 0x0, 0xe, 0xf4,
    0x0, 0x0, 0xff, 0x30, 0x4f, 0xf0, 0x0, 0x0,
    0xaf, 0x90, 0x9f, 0xa0, 0x0, 0x0, 0x5f, 0xe0,

    /* U+00C2 "Â" */
    0x0, 0x0, 0x9f, 0xd0, 0x0, 0x0, 0x0, 0x5,
    0xf6, 0xea, 0x0, 0x0, 0x0, 0x7, 0x60, 0x38,
    0x20, 0x0, 0x0, 0x0, 0x0, 0x0, 0x0, 0x0,
    0x0, 0x0, 0xdf, 0xf2, 0x0, 0x0, 0x0, 0x2,
    0xff, 0xf7, 0x0, 0x0, 0x0, 0x8, 0xf9, 0xfd,
    0x0, 0x0, 0x0, 0xd, 0xf2, 0xdf, 0x20, 0x0,
    0x0, 0x3f, 0xe0, 0x9f, 0x80, 0x0, 0x0, 0x8f,
    0x90, 0x4f, 0xd0, 0x0, 0x0, 0xef, 0x40, 0xf,
    0xf3, 0x0, 0x3, 0xff, 0xcc, 0xcf, 0xf8, 0x0,
    0x9, 0xff, 0xff, 0xff, 0xfe, 0x0, 0xe, 0xf4,
    0x0, 0x0, 0xff, 0x30, 0x4f, 0xf0, 0x0, 0x0,
    0xaf, 0x90, 0x9f, 0xa0, 0x0, 0x0, 0x5f, 0xe0,

    /* U+00C3 "Ã" */
    0x0, 0x0, 0x0, 0x0, 0x0, 0x0, 0x0, 0x5,
    0xfb, 0x2f, 0x20, 0x0, 0x0, 0xc, 0x8a, 0xfd,
    0x0, 0x0, 0x0, 0x3, 0x10, 0x20, 0x0, 0x0,
    0x0, 0x0, 0x0, 0x0, 0x0, 0x0, 0x0, 0x0,
    0xdf, 0xf2, 0x0, 0x0, 0x0, 0x2, 0xff, 0xf7,
    0x0, 0x0, 0x0, 0x8, 0xf9, 0xfd, 0x0, 0x0,
    0x0, 0xd, 0xf2, 0xdf, 0x20, 0x0, 0x0, 0x3f,
    0xe0, 0x9f, 0x80, 0x0, 0x0, 0x8f, 0x90, 0x4f,
    0xd0, 0x0, 0x0, 0xef, 0x40, 0xf, 0xf3, 0x0,
    0x3, 0xff, 0xcc, 0xcf, 0xf8, 0x0, 0x9, 0xff,
    0xff, 0xff, 0xfe, 0x0, 0xe, 0xf4, 0x0, 0x0,
    0xff, 0x30, 0x4f, 0xf0, 0x0, 0x0, 0xaf, 0x90,
    0x9f, 0xa0, 0x0, 0x0, 0x5f, 0xe0,

    /* U+00C4 "Ä" */
    0x0, 0xd, 0xc0, 0x7f, 0x40, 0x0, 0x0, 0x1f,
    0xf0, 0xaf, 0x60, 0x0, 0x0, 0x2, 0x20, 0x3,
    0x0, 0x0, 0x0, 0x0, 0x0, 0x0, 0x0, 0x0,
    0x0, 0x0, 0xdf, 0xf2, 0x0, 0x0, 0x0, 0x2,
    0xff, 0xf7, 0x0, 0x0, 0x0, 0x8, 0xf9, 0xfd,
    0x0, 0x0, 0x0, 0xd, 0xf2, 0xdf, 0x20, 0x0,
    0x0, 0x3f, 0xe0, 0x9f, 0x80, 0x0, 0x0, 0x8f,
    0x90, 0x4f, 0xd0, 0x0, 0x0, 0xef, 0x40, 0xf,
    0xf3, 0x0, 0x3, 0xff, 0xcc, 0xcf, 0xf8, 0x0,
    0x9, 0xff, 0xff, 0xff, 0xfe, 0x0, 0xe, 0xf4,
    0x0, 0x0, 0xff, 0x30, 0x4f, 0xf0, 0x0, 0x0,
    0xaf, 0x90, 0x9f, 0xa0, 0x0, 0x0, 0x5f, 0xe0,

    /* U+00C5 "Å" */
    0x0, 0x0, 0x8e, 0xb1, 0x0, 0x0, 0x0, 0x3,
    0xf3, 0xb9, 0x0, 0x0, 0x0, 0x4, 0xe0, 0x9a,
    0x0, 0x0, 0x0, 0x0, 0xbf, 0xe3, 0x0, 0x0,
    0x0, 0x0, 0x1, 0x0, 0x0, 0x0, 0x0, 0x0,
    0xdf, 0xf2, 0x0, 0x0, 0x0, 0x2, 0xff, 0xf7,
    0x0, 0x0, 0x0, 0x8, 0xf9, 0xfd, 0x0, 0x0,
    0x0, 0xd, 0xf2, 0xdf, 0x20, 0x0, 0x0, 0x3f,
    0xe0, 0x9f, 0x80, 0x0, 0x0, 0x8f, 0x90, 0x4f,
    0xd0, 0x0, 0x0, 0xef, 0x40, 0xf, 0xf3, 0x0,
    0x3, 0xff, 0xcc, 0xcf, 0xf8, 0x0, 0x9, 0xff,
    0xff, 0xff, 0xfe, 0x0, 0xe, 0xf4, 0x0, 0x0,
    0xff, 0x30, 0x4f, 0xf0, 0x0, 0x0, 0xaf, 0x90,
    0x9f, 0xa0, 0x0, 0x0, 0x5f, 0xe0,

    /* U+00C6 "Æ" */
    0x0, 0x0, 0xd, 0xff, 0xff, 0xff, 0xff, 0xf6,
    0x0, 0x0, 0x4f, 0xfe, 0xff, 0xdd, 0xdd, 0xd5,
    0x0, 0x0, 0xbf, 0x76, 0xf9, 0x0, 0x0, 0x0,
    0x0, 0x2, 0xff, 0x16, 0xf9, 0x0, 0x0, 0x0,
    0x0, 0x9, 0xf9, 0x6, 0xf9, 0x0, 0x0, 0x0,
    0x0, 0xf, 0xf3, 0x6, 0xff, 0xff, 0xff, 0xf0,
    0x0, 0x6f, 0xc0, 0x6, 0xfe, 0xdd, 0xdd, 0xc0,
    0x0, 0xdf, 0xda, 0xad, 0xf9, 0x0, 0x0, 0x0,
    0x4, 0xff, 0xff, 0xff, 0xf9, 0x0, 0x0, 0x0,
    0xb, 0xf8, 0x0, 0x6, 0xf9, 0x0, 0x0, 0x0,
    0x2f, 0xf1, 0x0, 0x6, 0xff, 0xdd, 0xdd, 0xd5,
    0x8f, 0xa0, 0x0, 0x6, 0xff, 0xff, 0xff, 0xf6,

    /* U+00C7 "Ç" */
    0x0, 0x5, 0xcf, 0xfd, 0x70, 0x0, 0x0, 0xaf,
    0xff, 0xff, 0xfc, 0x0, 0x6, 0xff, 0x50, 0x4,
    0xef, 0x80, 0xe, 0xf6, 0x0, 0x0, 0x4f, 0xe0,
    0x2f, 0xf0, 0x0, 0x0, 0x2, 0x20, 0x4f, 0xc0,
    0x0, 0x0, 0x0, 0x0, 0x4f, 0xc0, 0x0, 0x0,
    0x0, 0x0, 0x2f, 0xf0, 0x0, 0x0, 0x2, 0x20,
    0xe, 0xf5, 0x0, 0x0, 0x4f, 0xe0, 0x7, 0xff,
    0x50, 0x4, 0xef, 0x80, 0x0, 0xaf, 0xff, 0xff,
    0xfb, 0x0, 0x0, 0x5, 0xcf, 0xfd, 0x60, 0x0,
    0x0, 0x0, 0x9, 0xb3, 0x0, 0x0, 0x0, 0x0,
    0x1, 0x8d, 0x0, 0x0, 0x0, 0x0, 0xe, 0xf8,
    0x0, 0x0,

    /* U+00C8 "È" */
    0x1, 0xfd, 0x0, 0x0, 0x0, 0x5f, 0x40, 0x0,
    0x0, 0x6, 0x50, 0x0, 0x0, 0x0, 0x0, 0x0,
    0xff, 0xff, 0xff, 0xfe, 0xff, 0xdd, 0xdd, 0xdc,
    0xff, 0x20, 0x0, 0x0, 0xff, 0x20, 0x0, 0x0,
    0xff, 0x20, 0x0, 0x0, 0xff, 0xff, 0xff, 0xf7,
    0xff, 0xdd, 0xdd, 0xd6, 0xff, 0x20, 0x0, 0x0,
    0xff, 0x20, 0x0, 0x0, 0xff, 0x20, 0x0, 0x0,
    0xff, 0xdd, 0xdd, 0xdc, 0xff, 0xff, 0xff, 0xff,

    /* U+00C9 "É" */
    0x0, 0x0, 0xde, 0x10, 0x0, 0x5, 0xf5, 0x0,
    0x0, 0x5, 0x60, 0x0, 0x0, 0x0, 0x0, 0x0,
    0xff, 0xff, 0xff, 0xfe, 0xff, 0xdd, 0xdd, 0xdc,
    0xff, 0x20, 0x0, 0x0, 0xff, 0x20, 0x0, 0x0,
    0xff, 0x20, 0x0, 0x0, 0xff, 0xff, 0xff, 0xf7,
    0xff, 0xdd, 0xdd, 0xd6, 0xff, 0x20, 0x0, 0x0,
    0xff, 0x20, 0x0, 0x0, 0xff, 0x20, 0x0, 0x0,
    0xff, 0xdd, 0xdd, 0xdc, 0xff, 0xff, 0xff, 0xff,

    /* U+00CA "Ê" */
    0x0, 0x4f, 0xf3, 0x0, 0x1, 0xea, 0xae, 0x10,
    0x5, 0x70, 0x7, 0x40, 0x0, 0x0, 0x0, 0x0,
    0xff, 0xff, 0xff, 0xfe, 0xff, 0xdd, 0xdd, 0xdc,
    0xff, 0x20, 0x0, 0x0, 0xff, 0x20, 0x0, 0x0,
    0xff, 0x20, 0x0, 0x0, 0xff, 0xff, 0xff, 0xf7,
    0xff, 0xdd, 0xdd, 0xd6, 0xff, 0x20, 0x0, 0x0,
    0xff, 0x20, 0x0, 0x0, 0xff, 0x20, 0x0, 0x0,
    0xff, 0xdd, 0xdd, 0xdc, 0xff, 0xff, 0xff, 0xff,

    /* U+00CB "Ë" */
    0x8, 0xf3, 0x3f, 0x80, 0xb, 0xf5, 0x5f, 0xb0,
    0x1, 0x30, 0x3, 0x0, 0x0, 0x0, 0x0, 0x0,
    0xff, 0xff, 0xff, 0xfe, 0xff, 0xdd, 0xdd, 0xdc,
    0xff, 0x20, 0x0, 0x0, 0xff, 0x20, 0x0, 0x0,
    0xff, 0x20, 0x0, 0x0, 0xff, 0xff, 0xff, 0xf7,
    0xff, 0xdd, 0xdd, 0xd6, 0xff, 0x20, 0x0, 0x0,
    0xff, 0x20, 0x0, 0x0, 0xff, 0x20, 0x0, 0x0,
    0xff, 0xdd, 0xdd, 0xdc, 0xff, 0xff, 0xff, 0xff,

    /* U+00CC "Ì" */
    0x1e, 0xe0, 0x0, 0x4f, 0x60, 0x0, 0x66, 0x0,
    0x0, 0x0, 0x0, 0xff, 0x20, 0xf, 0xf2, 0x0,
    0xff, 0x20, 0xf, 0xf2, 0x0, 0xff, 0x20, 0xf,
    0xf2, 0x0, 0xff, 0x20, 0xf, 0xf2, 0x0, 0xff,
    0x20, 0xf, 0xf2, 0x0, 0xff, 0x20, 0xf, 0xf2,

    /* U+00CD "Í" */
    0xb, 0xf2, 0x3f, 0x70, 0x47, 0x0, 0x0, 0x0,
    0xff, 0x20, 0xff, 0x20, 0xff, 0x20, 0xff, 0x20,
    0xff, 0x20, 0xff, 0x20, 0xff, 0x20, 0xff, 0x20,
    0xff, 0x20, 0xff, 0x20, 0xff, 0x20, 0xff, 0x20,

    /* U+00CE "Î" */
    0x2, 0xff, 0x50, 0x1d, 0xb9, 0xf2, 0x48, 0x10,
    0x75, 0x0, 0x0, 0x0, 0x0, 0xff, 0x20, 0x0,
    0xff, 0x20, 0x0, 0xff, 0x20, 0x0, 0xff, 0x20,
    0x0, 0xff, 0x20, 0x0, 0xff, 0x20, 0x0, 0xff,
    0x20, 0x0, 0xff, 0x20, 0x0, 0xff, 0x20, 0x0,
    0xff, 0x20, 0x0, 0xff, 0x20, 0x0, 0xff, 0x20,

    /* U+00CF "Ï" */
    0x7f, 0x42, 0xea, 0xaf, 0x63, 0xfd, 0x3, 0x0,
    0x31, 0x0, 0x0, 0x0, 0x0, 0xff, 0x20, 0x0,
    0xff, 0x20, 0x0, 0xff, 0x20, 0x0, 0xff, 0x20,
    0x0, 0xff, 0x20, 0x0, 0xff, 0x20, 0x0, 0xff,
    0x20, 0x0, 0xff, 0x20, 0x0, 0xff, 0x20, 0x0,
    0xff, 0x20, 0x0, 0xff, 0x20, 0x0, 0xff, 0x20,

    /* U+00D0 "Ð" */
    0x5, 0xff, 0xff, 0xfc, 0x50, 0x0, 0x5, 0xff,
    0xdd, 0xff, 0xfa, 0x0, 0x5, 0xfb, 0x0, 0x5,
    0xff, 0x60, 0x5, 0xfb, 0x0, 0x0, 0x5f, 0xd0,
    0x5, 0xfb, 0x0, 0x0, 0xf, 0xf2, 0xdf, 0xff,
    0xff, 0x60, 0xd, 0xf3, 0x7b, 0xfe, 0x99, 0x30,
    0xd, 0xf3, 0x5, 0xfb, 0x0, 0x0, 0xf, 0xf1,
    0x5, 0xfb, 0x0, 0x0, 0x5f, 0xd0, 0x5, 0xfb,
    0x0, 0x5, 0xff, 0x60, 0x5, 0xff, 0xdd, 0xff,
    0xf9, 0x0, 0x5, 0xff, 0xff, 0xeb, 0x50, 0x0,

    /* U+00D1 "Ñ" */
    0x0, 0x0, 0x0, 0x0, 0x0, 0x0, 0x2e, 0xd3,
    0xc6, 0x0, 0x0, 0x9b, 0x7f, 0xf2, 0x0, 0x0,
    0x21, 0x1, 0x10, 0x0, 0x0, 0x0, 0x0, 0x0,
    0x0, 0xff, 0xa0, 0x0, 0x5, 0xfc, 0xff, 0xf4,
    0x0, 0x5, 0xfc, 0xff, 0xfd, 0x0, 0x5, 0xfc,
    0xff, 0xbf, 0x70, 0x5, 0xfc, 0xff, 0x3f, 0xf2,
    0x5, 0xfc, 0xff, 0x28, 0xfb, 0x5, 0xfc, 0xff,
    0x20, 0xdf, 0x55, 0xfc, 0xff, 0x20, 0x4f, 0xd5,
    0xfc, 0xff, 0x20, 0xb, 0xfb, 0xfc, 0xff, 0x20,
    0x1, 0xff, 0xfc, 0xff, 0x20, 0x0, 0x7f, 0xfc,
    0xff, 0x20, 0x0, 0xd, 0xfc,

    /* U+00D2 "Ò" */
    0x0, 0x1, 0xee, 0x0, 0x0, 0x0, 0x0, 0x0,
    0x4f, 0x50, 0x0, 0x0, 0x0, 0x0, 0x6, 0x50,
    0x0, 0x0, 0x0, 0x0, 0x0, 0x0, 0x0, 0x0,
    0x0, 0x5, 0xcf, 0xfc, 0x60, 0x0, 0x0, 0xaf,
    0xff, 0xff, 0xfb, 0x0, 0x6, 0xff, 0x50, 0x4,
    0xef, 0x80, 0xe, 0xf5, 0x0, 0x0, 0x3f, 0xf1,
    0x2f, 0xf0, 0x0, 0x0, 0xd, 0xf4, 0x4f, 0xc0,
    0x0, 0x0, 0xa, 0xf6, 0x4f, 0xc0, 0x0, 0x0,
    0xa, 0xf6, 0x2f, 0xe0, 0x0, 0x0, 0xd, 0xf4,
    0xe, 0xf5, 0x0, 0x0, 0x3f, 0xf1, 0x6, 0xff,
    0x50, 0x4, 0xef, 0x90, 0x0, 0xaf, 0xff, 0xff,
    0xfb, 0x0, 0x0, 0x5, 0xcf, 0xfc, 0x60, 0x0,

    /* U+00D3 "Ó" */
    0x0, 0x0, 0x0, 0xcf, 0x20, 0x0, 0x0, 0x0,
    0x4, 0xf6, 0x0, 0x0, 0x0, 0x0, 0x4, 0x70,
    0x0, 0x0, 0x0, 0x0, 0x0, 0x0, 0x0, 0x0,
    0x0, 0x5, 0xcf, 0xfc, 0x60, 0x0, 0x0, 0xaf,
    0xff, 0xff, 0xfb, 0x0, 0x6, 0xff, 0x50, 0x4,
    0xef, 0x80, 0xe, 0xf5, 0x0, 0x0, 0x3f, 0xf1,
    0x2f, 0xf0, 0x0, 0x0, 0xd, 0xf4, 0x4f, 0xc0,
    0x0, 0x0, 0xa, 0xf6, 0x4f, 0xc0, 0x0, 0x0,
    0xa, 0xf6, 0x2f, 0xe0, 0x0, 0x0, 0xd, 0xf4,
    0xe, 0xf5, 0x0, 0x0, 0x3f, 0xf1, 0x6, 0xff,
    0x50, 0x4, 0xef, 0x90, 0x0, 0xaf, 0xff, 0xff,
    0xfb, 0x0, 0x0, 0x5, 0xcf, 0xfc, 0x60, 0x0,

    /* U+00D4 "Ô" */
    0x0, 0x0, 0x3f, 0xf4, 0x0, 0x0, 0x0, 0x1,
    0xeb, 0x9e, 0x20, 0x0, 0x0, 0x4, 0x81, 0x7,
    0x50, 0x0, 0x0, 0x0, 0x0, 0x0, 0x0, 0x0,
    0x0, 0x5, 0xcf, 0xfc, 0x60, 0x0, 0x0, 0xaf,
    0xff, 0xff, 0xfb, 0x0, 0x6, 0xff, 0x50, 0x4,
    0xef, 0x80, 0xe, 0xf5, 0x0, 0x0, 0x3f, 0xf1,
    0x2f, 0xf0, 0x0, 0x0, 0xd, 0xf4, 0x4f, 0xc0,
    0x0, 0x0, 0xa, 0xf6, 0x4f, 0xc0, 0x0, 0x0,
    0xa, 0xf6, 0x2f, 0xe0, 0x0, 0x0, 0xd, 0xf4,
    0xe, 0xf5, 0x0, 0x0, 0x3f, 0xf1, 0x6, 0xff,
    0x50, 0x4, 0xef, 0x90, 0x0, 0xaf, 0xff, 0xff,
    0xfb, 0x0, 0x0, 0x5, 0xcf, 0xfc, 0x60, 0x0,

    /* U+00D5 "Õ" */
    0x0, 0x0, 0x0, 0x0, 0x0, 0x0, 0x0, 0x1,
    0xde, 0x4a, 0x90, 0x0, 0x0, 0x6, 0xd6, 0xff,
    0x30, 0x0, 0x0, 0x1, 0x20, 0x12, 0x0, 0x0,
    0x0, 0x0, 0x0, 0x0, 0x0, 0x0, 0x0, 0x5,
    0xcf, 0xfc, 0x60, 0x0, 0x0, 0xaf, 0xff, 0xff,
    0xfb, 0x0, 0x6, 0xff, 0x50, 0x4, 0xef, 0x80,
    0xe, 0xf5, 0x0, 0x0, 0x3f, 0xf1, 0x2f, 0xf0,
    0x0, 0x0, 0xd, 0xf4, 0x4f, 0xc0, 0x0, 0x0,
    0xa, 0xf6, 0x4f, 0xc0, 0x0, 0x0, 0xa, 0xf6,
    0x2f, 0xe0, 0x0, 0x0, 0xd, 0xf4, 0xe, 0xf5,
    0x0, 0x0, 0x3f, 0xf1, 0x6, 0xff, 0x50, 0x4,
    0xef, 0x90, 0x0, 0xaf, 0xff, 0xff, 0xfb, 0x0,
    0x0, 0x5, 0xcf, 0xfc, 0x60, 0x0,

    /* U+00D6 "Ö" */
    0x0, 0x8, 0xf4, 0x2e, 0x90, 0x0, 0x0, 0xa,
    0xf6, 0x4f, 0xc0, 0x0, 0x0, 0x0, 0x30, 0x3,
    0x10, 0x0, 0x0, 0x0, 0x0, 0x0, 0x0, 0x0,
    0x0, 0x5, 0xcf, 0xfc, 0x60, 0x0, 0x0, 0xaf,
    0xff, 0xff, 0xfb, 0x0, 0x6, 0xff, 0x50, 0x4,
    0xef, 0x80, 0xe, 0xf5, 0x0, 0x0, 0x3f, 0xf1,
    0x2f, 0xf0, 0x0, 0x0, 0xd, 0xf4, 0x4f, 0xc0,
    0x0, 0x0, 0xa, 0xf6, 0x4f, 0xc0, 0x0, 0x0,
    0xa, 0xf6, 0x2f, 0xe0, 0x0, 0x0, 0xd, 0xf4,
    0xe, 0xf5, 0x0, 0x0, 0x3f, 0xf1, 0x6, 0xff,
    0x50, 0x4, 0xef, 0x90, 0x0, 0xaf, 0xff, 0xff,
    0xfb, 0x0, 0x0, 0x5, 0xcf, 0xfc, 0x60, 0x0,

    /* U+00D7 "×" */
    0xa, 0x10, 0x0, 0x76, 0x6, 0xfd, 0x10, 0x6f,
    0xe0, 0x9, 0xfd, 0x7f, 0xf3, 0x0, 0xa, 0xff,
    0xf3, 0x0, 0x0, 0x5f, 0xfd, 0x0, 0x0, 0x4f,
    0xfc, 0xfb, 0x0, 0x3f, 0xf5, 0xb, 0xfb, 0x3,
    0xf5, 0x0, 0xc, 0xb0, 0x1, 0x0, 0x0, 0x0,
    0x0,

    /* U+00D8 "Ø" */
    0x0, 0x0, 0x0, 0x0, 0x0, 0x10, 0x0, 0x5,
    0xcf, 0xfc, 0x69, 0xe0, 0x0, 0xaf, 0xff, 0xff,
    0xff, 0x90, 0x6, 0xff, 0x50, 0x7, 0xff, 0x80,
    0xe, 0xf5, 0x0, 0x1d, 0xef, 0xf1, 0x2f, 0xf0,
    0x0, 0xbf, 0x3d, 0xf4, 0x4f, 0xc0, 0x8, 0xf6,
    0xa, 0xf6, 0x4f, 0xc0, 0x4f, 0xa0, 0xa, 0xf6,
    0x2f, 0xe2, 0xfd, 0x0, 0xd, 0xf4, 0xe, 0xfe,
    0xe2, 0x0, 0x3f, 0xf1, 0x6, 0xff, 0x90, 0x4,
    0xef, 0x90, 0x7, 0xff, 0xff, 0xff, 0xfb, 0x0,
    0xd, 0xb6, 0xcf, 0xfc, 0x60, 0x0, 0x0, 0x10,
    0x0, 0x0, 0x0, 0x0,

    /* U+00D9 "Ù" */
    0x0, 0x4f, 0x90, 0x0, 0x0, 0x0, 0x9, 0xf1,
    0x0, 0x0, 0x0, 0x0, 0x73, 0x0, 0x0, 0x0,
    0x0, 0x0, 0x0, 0x0, 0xff, 0x10, 0x0, 0x9,
    0xf7, 0xff, 0x10, 0x0, 0x9, 0xf7, 0xff, 0x10,
    0x0, 0x9, 0xf7, 0xff, 0x10, 0x0, 0x9, 0xf7,
    0xff, 0x10, 0x0, 0x9, 0xf7, 0xff, 0x10, 0x0,
    0x9, 0xf7, 0xff, 0x10, 0x0, 0x9, 0xf7, 0xff,
    0x10, 0x0, 0x9, 0xf7, 0xef, 0x40, 0x0, 0xc,
    0xf6, 0x9f, 0xd3, 0x0, 0x8f, 0xf1, 0x1d, 0xff,
    0xff, 0xff, 0x70, 0x1, 0x8d, 0xff, 0xb4, 0x0,

    /* U+00DA "Ú" */
    0x0, 0x0, 0x1f, 0xc0, 0x0, 0x0, 0x0, 0x9f,
    0x20, 0x0, 0x0, 0x0, 0x74, 0x0, 0x0, 0x0,
    0x0, 0x0, 0x0, 0x0, 0xff, 0x10, 0x0, 0x9,
    0xf7, 0xff, 0x10, 0x0, 0x9, 0xf7, 0xff, 0x10,
    0x0, 0x9, 0xf7, 0xff, 0x10, 0x0, 0x9, 0xf7,
    0xff, 0x10, 0x0, 0x9, 0xf7, 0xff, 0x10, 0x0,
    0x9, 0xf7, 0xff, 0x10, 0x0, 0x9, 0xf7, 0xff,
    0x10, 0x0, 0x9, 0xf7, 0xef, 0x40, 0x0, 0xc,
    0xf6, 0x9f, 0xd3, 0x0, 0x8f, 0xf1, 0x1d, 0xff,
    0xff, 0xff, 0x70, 0x1, 0x8d, 0xff, 0xb4, 0x0,

    /* U+00DB "Û" */
    0x0, 0x7, 0xfe, 0x10, 0x0, 0x0, 0x4f, 0x7d,
    0xb0, 0x0, 0x0, 0x76, 0x2, 0x82, 0x0, 0x0,
    0x0, 0x0, 0x0, 0x0, 0xff, 0x10, 0x0, 0x9,
    0xf7, 0xff, 0x10, 0x0, 0x9, 0xf7, 0xff, 0x10,
    0x0, 0x9, 0xf7, 0xff, 0x10, 0x0, 0x9, 0xf7,
    0xff, 0x10, 0x0, 0x9, 0xf7, 0xff, 0x10, 0x0,
    0x9, 0xf7, 0xff, 0x10, 0x0, 0x9, 0xf7, 0xff,
    0x10, 0x0, 0x9, 0xf7, 0xef, 0x40, 0x0, 0xc,
    0xf6, 0x9f, 0xd3, 0x0, 0x8f, 0xf1, 0x1d, 0xff,
    0xff, 0xff, 0x70, 0x1, 0x8d, 0xff, 0xb4, 0x0,

    /* U+00DC "Ü" */
    0x0, 0xcd, 0x6, 0xf5, 0x0, 0x0, 0xff, 0x19,
    0xf7, 0x0, 0x0, 0x22, 0x0, 0x30, 0x0, 0x0,
    0x0, 0x0, 0x0, 0x0, 0xff, 0x10, 0x0, 0x9,
    0xf7, 0xff, 0x10, 0x0, 0x9, 0xf7, 0xff, 0x10,
    0x0, 0x9, 0xf7, 0xff, 0x10, 0x0, 0x9, 0xf7,
    0xff, 0x10, 0x0, 0x9, 0xf7, 0xff, 0x10, 0x0,
    0x9, 0xf7, 0xff, 0x10, 0x0, 0x9, 0xf7, 0xff,
    0x10, 0x0, 0x9, 0xf7, 0xef, 0x40, 0x0, 0xc,
    0xf6, 0x9f, 0xd3, 0x0, 0x8f, 0xf1, 0x1d, 0xff,
    0xff, 0xff, 0x70, 0x1, 0x8d, 0xff, 0xb4, 0x0,

    /* U+00DD "Ý" */
    0x0, 0x0, 0x4, 0xf9, 0x0, 0x0, 0x0, 0x0,
    0xcd, 0x0, 0x0, 0x0, 0x0, 0x18, 0x30, 0x0,
    0x0, 0x0, 0x0, 0x0, 0x0, 0x0, 0x7f, 0xe0,
    0x0, 0x0, 0xdf, 0x80, 0xdf, 0x70, 0x0, 0x5f,
    0xe0, 0x4, 0xff, 0x10, 0xe, 0xf6, 0x0, 0xb,
    0xf9, 0x7, 0xfd, 0x0, 0x0, 0x2f, 0xf3, 0xef,
    0x30, 0x0, 0x0, 0x8f, 0xef, 0xa0, 0x0, 0x0,
    0x0, 0xef, 0xf2, 0x0, 0x0, 0x0, 0x8, 0xfa,
    0x0, 0x0, 0x0, 0x0, 0x7f, 0x90, 0x0, 0x0,
    0x0, 0x7, 0xf9, 0x0, 0x0, 0x0, 0x0, 0x7f,
    0x90, 0x0, 0x0, 0x0, 0x7, 0xf9, 0x0, 0x0,

    /* U+00DE "Þ" */
    0xff, 0x10, 0x0, 0x0, 0xf, 0xf1, 0x0, 0x0,
    0x0, 0xff, 0xcb, 0xb8, 0x10, 0xf, 0xff, 0xff,
    0xff, 0x30, 0xff, 0x10, 0x8, 0xfd, 0xf, 0xf1,
    0x0, 0xe, 0xf1, 0xff, 0x10, 0x0, 0xef, 0x1f,
    0xf1, 0x0, 0x8f, 0xd0, 0xff, 0xff, 0xff, 0xf3,
    0xf, 0xfb, 0xbb, 0x81, 0x0, 0xff, 0x10, 0x0,
    0x0, 0xf, 0xf1, 0x0, 0x0, 0x0,

    /* U+00DF "ß" */
    0x6, 0xdf, 0xfb, 0x30, 0x6, 0xff, 0xde, 0xff,
    0x30, 0xdf, 0x70, 0xa, 0xf9, 0xf, 0xf1, 0x0,
    0x6f, 0xa0, 0xff, 0x10, 0x1c, 0xf4, 0xf, 0xf1,
    0x9f, 0xf7, 0x0, 0xff, 0x16, 0xbf, 0xfa, 0xf,
    0xf1, 0x0, 0x1e, 0xf3, 0xff, 0x10, 0x0, 0xaf,
    0x6f, 0xf1, 0x0, 0x1d, 0xf5, 0xff, 0x17, 0xce,
    0xfd, 0xf, 0xf1, 0x9f, 0xfa, 0x20,

    /* U+00E0 "à" */
    0x0, 0xaf, 0x30, 0x0, 0x0, 0x1e, 0xb0, 0x0,
    0x0, 0x3, 0x70, 0x0, 0x1, 0x9e, 0xfd, 0x80,
    0xb, 0xfd, 0xae, 0xf8, 0x1a, 0xa0, 0x2, 0xfe,
    0x0, 0x3, 0x58, 0xff, 0x7, 0xff, 0xfd, 0xff,
    0x4f, 0xd4, 0x0, 0xff, 0x6f, 0x90, 0x4, 0xff,
    0x3f, 0xf9, 0xae, 0xff, 0x6, 0xef, 0xd3, 0xff,

    /* U+00E1 "á" */
    0x0, 0x0, 0x7f, 0x60, 0x0, 0x0, 0xeb, 0x0,
    0x0, 0x2, 0x81, 0x0, 0x1, 0x9e, 0xfd, 0x80,
    0xb, 0xfd, 0xae, 0xf8, 0x1a, 0xa0, 0x2, 0xfe,
    0x0, 0x3, 0x58, 0xff, 0x7, 0xff, 0xfd, 0xff,
    0x4f, 0xd4, 0x0, 0xff, 0x6f, 0x90, 0x4, 0xff,
    0x3f, 0xf9, 0xae, 0xff, 0x6, 0xef, 0xd3, 0xff,

    /* U+00E2 "â" */
    0x0, 0x1d, 0xfa, 0x0, 0x1, 0xdc, 0x2e, 0xa0,
    0x0, 0x10, 0x0, 0x10, 0x1, 0x9e, 0xfd, 0x80,
    0xb, 0xfd, 0xae, 0xf8, 0x1a, 0xa0, 0x2, 0xfe,
    0x0, 0x3, 0x58, 0xff, 0x7, 0xff, 0xfd, 0xff,
    0x4f, 0xd4, 0x0, 0xff, 0x6f, 0x90, 0x4, 0xff,
    0x3f, 0xf9, 0xae, 0xff, 0x6, 0xef, 0xd3, 0xff,

    /* U+00E3 "ã" */
    0x0, 0x0, 0x0, 0x0, 0x0, 0xcf, 0xff, 0xc0,
    0x0, 0x34, 0x33, 0x0, 0x0, 0x0, 0x0, 0x0,
    0x1, 0x9e, 0xfd, 0x80, 0xb, 0xfd, 0xae, 0xf8,
    0x1a, 0xa0, 0x2, 0xfe, 0x0, 0x3, 0x58, 0xff,
    0x7, 0xff, 0xfd, 0xff, 0x4f, 0xd4, 0x0, 0xff,
    0x6f, 0x90, 0x4, 0xff, 0x3f, 0xf9, 0xae, 0xff,
    0x6, 0xef, 0xd3, 0xff,

    /* U+00E4 "ä" */
    0x3, 0xf8, 0xc, 0xe1, 0x5, 0xfb, 0xe, 0xf2,
    0x0, 0x30, 0x1, 0x20, 0x1, 0x9e, 0xfd, 0x80,
    0xb, 0xfd, 0xae, 0xf8, 0x1a, 0xa0, 0x2, 0xfe,
    0x0, 0x3, 0x58, 0xff, 0x7, 0xff, 0xfd, 0xff,
    0x4f, 0xd4, 0x0, 0xff, 0x6f, 0x90, 0x4, 0xff,
    0x3f, 0xf9, 0xae, 0xff, 0x6, 0xef, 0xd3, 0xff,

    /* U+00E5 "å" */
    0x0, 0x1b, 0xe9, 0x0, 0x0, 0x8c, 0x3e, 0x50,
    0x0, 0x9a, 0xd, 0x50, 0x0, 0x2d, 0xfc, 0x0,
    0x0, 0x0, 0x10, 0x0, 0x1, 0x9e, 0xfd, 0x80,
    0xb, 0xfd, 0xae, 0xf8, 0x1a, 0xa0, 0x2, 0xfe,
    0x0, 0x3, 0x58, 0xff, 0x7, 0xff, 0xfd, 0xff,
    0x4f, 0xd4, 0x0, 0xff, 0x6f, 0x90, 0x4, 0xff,
    0x3f, 0xf9, 0xae, 0xff, 0x6, 0xef, 0xd3, 0xff,

    /* U+00E6 "æ" */
    0x0, 0x8e, 0xfd, 0x53, 0xcf, 0xe9, 0x10, 0xb,
    0xfd, 0xae, 0xff, 0xfa, 0xcf, 0xd0, 0x1c, 0xc0,
    0x2, 0xff, 0x30, 0x9, 0xf6, 0x0, 0x0, 0x12,
    0xfd, 0x11, 0x15, 0xfa, 0x4, 0xcf, 0xff, 0xff,
    0xff, 0xff, 0xfc, 0x3f, 0xe7, 0x45, 0xfe, 0x44,
    0x44, 0x43, 0x6f, 0x90, 0x5, 0xff, 0x30, 0x4,
    0xa5, 0x3f, 0xfa, 0xbf, 0xdf, 0xfa, 0xaf, 0xf2,
    0x6, 0xdf, 0xe9, 0x4, 0xcf, 0xfb, 0x30,

    /* U+00E7 "ç" */
    0x0, 0x6d, 0xfe, 0x91, 0x0, 0x7f, 0xfb, 0xdf,
    0xc0, 0x1f, 0xf3, 0x0, 0xcf, 0x45, 0xfb, 0x0,
    0x1, 0x20, 0x6f, 0xa0, 0x0, 0x0, 0x5, 0xfb,
    0x0, 0x2, 0x20, 0x1f, 0xf3, 0x0, 0xcf, 0x40,
    0x7f, 0xfc, 0xef, 0xc0, 0x0, 0x6d, 0xfe, 0x90,
    0x0, 0x0, 0xe, 0x81, 0x0, 0x0, 0x0, 0x2c,
    0x80, 0x0, 0x0, 0x4f, 0xe4, 0x0,

    /* U+00E8 "è" */
    0x0, 0x7f, 0x60, 0x0, 0x0, 0x0, 0xcd, 0x0,
    0x0, 0x0, 0x2, 0x81, 0x0, 0x0, 0x6, 0xdf,
    0xe8, 0x0, 0x7, 0xfe, 0xad, 0xfa, 0x1, 0xfe,
    0x10, 0xc, 0xf3, 0x5f, 0xa1, 0x11, 0x8f, 0x76,
    0xff, 0xff, 0xff, 0xf9, 0x5f, 0xb4, 0x44, 0x44,
    0x21, 0xfe, 0x10, 0x6, 0x93, 0x7, 0xfe, 0xac,
    0xfe, 0x10, 0x6, 0xdf, 0xea, 0x10,

    /* U+00E9 "é" */
    0x0, 0x0, 0x4f, 0xa0, 0x0, 0x0, 0xb, 0xe1,
    0x0, 0x0, 0x0, 0x83, 0x0, 0x0, 0x6, 0xdf,
    0xe8, 0x0, 0x7, 0xfe, 0xad, 0xfa, 0x1, 0xfe,
    0x10, 0xc, 0xf3, 0x5f, 0xa1, 0x11, 0x8f, 0x76,
    0xff, 0xff, 0xff, 0xf9, 0x5f, 0xb4, 0x44, 0x44,
    0x21, 0xfe, 0x10, 0x6, 0x93, 0x7, 0xfe, 0xac,
    0xfe, 0x10, 0x6, 0xdf, 0xea, 0x10,

    /* U+00EA "ê" */
    0x0, 0xb, 0xfd, 0x10, 0x0, 0xb, 0xe2, 0xcc,
    0x0, 0x0, 0x10, 0x0, 0x10, 0x0, 0x6, 0xdf,
    0xe8, 0x0, 0x7, 0xfe, 0xad, 0xfa, 0x1, 0xfe,
    0x10, 0xc, 0xf3, 0x5f, 0xa1, 0x11, 0x8f, 0x76,
    0xff, 0xff, 0xff, 0xf9, 0x5f, 0xb4, 0x44, 0x44,
    0x21, 0xfe, 0x10, 0x6, 0x93, 0x7, 0xfe, 0xac,
    0xfe, 0x10, 0x6, 0xdf, 0xea, 0x10,

    /* U+00EB "ë" */
    0x1, 0xeb, 0x9, 0xf3, 0x0, 0x2f, 0xe0, 0xbf,
    0x40, 0x0, 0x21, 0x0, 0x30, 0x0, 0x6, 0xdf,
    0xe8, 0x0, 0x7, 0xfe, 0xad, 0xfa, 0x1, 0xfe,
    0x10, 0xc, 0xf3, 0x5f, 0xa1, 0x11, 0x8f, 0x76,
    0xff, 0xff, 0xff, 0xf9, 0x5f, 0xb4, 0x44, 0x44,
    0x21, 0xfe, 0x10, 0x6, 0x93, 0x7, 0xfe, 0xac,
    0xfe, 0x10, 0x6, 0xdf, 0xea, 0x10,

    /* U+00EC "ì" */
    0x2f, 0xc0, 0x6, 0xf4, 0x0, 0x75, 0x0, 0xff,
    0x0, 0xff, 0x0, 0xff, 0x0, 0xff, 0x0, 0xff,
    0x0, 0xff, 0x0, 0xff, 0x0, 0xff, 0x0, 0xff,

    /* U+00ED "í" */
    0x0, 0xde, 0x10, 0x5f, 0x50, 0x5, 0x60, 0x0,
    0xff, 0x0, 0xf, 0xf0, 0x0, 0xff, 0x0, 0xf,
    0xf0, 0x0, 0xff, 0x0, 0xf, 0xf0, 0x0, 0xff,
    0x0, 0xf, 0xf0, 0x0, 0xff, 0x0,

    /* U+00EE "î" */
    0x6, 0xff, 0x40, 0x5f, 0x56, 0xf4, 0x0, 0x0,
    0x0, 0x0, 0xff, 0x0, 0x0, 0xff, 0x0, 0x0,
    0xff, 0x0, 0x0, 0xff, 0x0, 0x0, 0xff, 0x0,
    0x0, 0xff, 0x0, 0x0, 0xff, 0x0, 0x0, 0xff,
    0x0, 0x0, 0xff, 0x0,

    /* U+00EF "ï" */
    0x9e, 0x23, 0xf8, 0xcf, 0x45, 0xfa, 0x13, 0x0,
    0x30, 0x0, 0xff, 0x0, 0x0, 0xff, 0x0, 0x0,
    0xff, 0x0, 0x0, 0xff, 0x0, 0x0, 0xff, 0x0,
    0x0, 0xff, 0x0, 0x0, 0xff, 0x0, 0x0, 0xff,
    0x0, 0x0, 0xff, 0x0,

    /* U+00F0 "ð" */
    0x0, 0x20, 0x0, 0x0, 0x0, 0xc, 0xe5, 0x3b,
    0x40, 0x0, 0x1c, 0xff, 0x70, 0x0, 0x9, 0xea,
    0xf9, 0x0, 0x0, 0x61, 0x7, 0xf5, 0x0, 0x8,
    0xef, 0x9d, 0xd0, 0x8, 0xfd, 0x7a, 0xff, 0x41,
    0xfe, 0x0, 0xa, 0xf8, 0x5f, 0xa0, 0x0, 0x5f,
    0xa6, 0xf8, 0x0, 0x3, 0xfa, 0x5f, 0xa0, 0x0,
    0x5f, 0x81, 0xff, 0x20, 0xc, 0xf3, 0x7, 0xff,
    0xbd, 0xfb, 0x0, 0x6, 0xdf, 0xe8, 0x0,

    /* U+00F1 "ñ" */
    0x0, 0x4f, 0xb2, 0xf3, 0x0, 0xb, 0x9a, 0xfd,
    0x0, 0x0, 0x21, 0x2, 0x10, 0x0, 0xfe, 0x3d,
    0xfd, 0x40, 0xf, 0xfe, 0xbd, 0xff, 0x10, 0xff,
    0x50, 0xc, 0xf6, 0xf, 0xf0, 0x0, 0x8f, 0x70,
    0xff, 0x0, 0x8, 0xf7, 0xf, 0xf0, 0x0, 0x8f,
    0x70, 0xff, 0x0, 0x8, 0xf7, 0xf, 0xf0, 0x0,
    0x8f, 0x70, 0xff, 0x0, 0x8, 0xf7,

    /* U+00F2 "ò" */
    0x0, 0x5f, 0x80, 0x0, 0x0, 0x0, 0xaf, 0x10,
    0x0, 0x0, 0x1, 0x82, 0x0, 0x0, 0x6, 0xdf,
    0xe9, 0x10, 0x7, 0xff, 0xce, 0xfd, 0x1, 0xff,
    0x30, 0xc, 0xf7, 0x5f, 0xb0, 0x0, 0x5f, 0xb6,
    0xfa, 0x0, 0x3, 0xfc, 0x5f, 0xb0, 0x0, 0x5f,
    0xb1, 0xff, 0x30, 0xc, 0xf7, 0x7, 0xff, 0xce,
    0xfd, 0x0, 0x6, 0xdf, 0xe9, 0x10,

    /* U+00F3 "ó" */
    0x0, 0x0, 0x2f, 0xb0, 0x0, 0x0, 0x9, 0xf1,
    0x0, 0x0, 0x0, 0x74, 0x0, 0x0, 0x6, 0xdf,
    0xe9, 0x10, 0x7, 0xff, 0xce, 0xfd, 0x1, 0xff,
    0x30, 0xc, 0xf7, 0x5f, 0xb0, 0x0, 0x5f, 0xb6,
    0xfa, 0x0, 0x3, 0xfc, 0x5f, 0xb0, 0x0, 0x5f,
    0xb1, 0xff, 0x30, 0xc, 0xf7, 0x7, 0xff, 0xce,
    0xfd, 0x0, 0x6, 0xdf, 0xe9, 0x10,

    /* U+00F4 "ô" */
    0x0, 0x9, 0xfe, 0x10, 0x0, 0x9, 0xf3, 0xbd,
    0x10, 0x0, 0x10, 0x0, 0x10, 0x0, 0x6, 0xdf,
    0xe9, 0x10, 0x7, 0xff, 0xce, 0xfd, 0x1, 0xff,
    0x30, 0xc, 0xf7, 0x5f, 0xb0, 0x0, 0x5f, 0xb6,
    0xfa, 0x0, 0x3, 0xfc, 0x5f, 0xb0, 0x0, 0x5f,
    0xb1, 0xff, 0x30, 0xc, 0xf7, 0x7, 0xff, 0xce,
    0xfd, 0x0, 0x6, 0xdf, 0xe9, 0x10,

    /* U+00F5 "õ" */
    0x0, 0x0, 0x0, 0x0, 0x0, 0x8, 0xff, 0xff,
    0x10, 0x0, 0x23, 0x43, 0x10, 0x0, 0x0, 0x0,
    0x0, 0x0, 0x0, 0x6d, 0xfe, 0x91, 0x0, 0x7f,
    0xfc, 0xef, 0xd0, 0x1f, 0xf3, 0x0, 0xcf, 0x75,
    0xfb, 0x0, 0x5, 0xfb, 0x6f, 0xa0, 0x0, 0x3f,
    0xc5, 0xfb, 0x0, 0x5, 0xfb, 0x1f, 0xf3, 0x0,
    0xcf, 0x70, 0x7f, 0xfc, 0xef, 0xd0, 0x0, 0x6d,
    0xfe, 0x91, 0x0,

    /* U+00F6 "ö" */
    0x0, 0xdd, 0x7, 0xf4, 0x0, 0xf, 0xf0, 0x9f,
    0x60, 0x0, 0x22, 0x0, 0x30, 0x0, 0x6, 0xdf,
    0xe9, 0x10, 0x7, 0xff, 0xce, 0xfd, 0x1, 0xff,
    0x30, 0xc, 0xf7, 0x5f, 0xb0, 0x0, 0x5f, 0xb6,
    0xfa, 0x0, 0x3, 0xfc, 0x5f, 0xb0, 0x0, 0x5f,
    0xb1, 0xff, 0x30, 0xc, 0xf7, 0x7, 0xff, 0xce,
    0xfd, 0x0, 0x6, 0xdf, 0xe9, 0x10,

    /* U+00F7 "÷" */
    0x0, 0xa, 0xe3, 0x0, 0x0, 0x0, 0xef, 0x60,
    0x0, 0x0, 0x4, 0x80, 0x0, 0x0, 0x0, 0x0,
    0x0, 0x0, 0x9f, 0xff, 0xff, 0xff, 0x16, 0xcc,
    0xcc, 0xcc, 0xc1, 0x0, 0x4, 0x70, 0x0, 0x0,
    0x0, 0xef, 0x60, 0x0, 0x0, 0xa, 0xe3, 0x0,
    0x0,

    /* U+00F8 "ø" */
    0x0, 0x0, 0x0, 0x0, 0x0, 0x6, 0xdf, 0xe9,
    0x9a, 0x7, 0xff, 0xce, 0xff, 0x21, 0xff, 0x30,
    0x5f, 0xf7, 0x5f, 0xb0, 0x2f, 0xaf, 0xb6, 0xfa,
    0x1e, 0x83, 0xfc, 0x5f, 0xcc, 0xa0, 0x5f, 0xb1,
    0xff, 0xc0, 0xc, 0xf7, 0xb, 0xff, 0xce, 0xfd,
    0x3, 0xe7, 0xdf, 0xe9, 0x10, 0x2, 0x0, 0x0,
    0x0, 0x0,

    /* U+00F9 "ù" */
    0x0, 0x5f, 0x80, 0x0, 0x0, 0x0, 0xaf, 0x10,
    0x0, 0x0, 0x1, 0x83, 0x0, 0x0, 0xff, 0x0,
    0x8, 0xf7, 0xf, 0xf0, 0x0, 0x8f, 0x70, 0xff,
    0x0, 0x8, 0xf7, 0xf, 0xf0, 0x0, 0x8f, 0x70,
    0xff, 0x0, 0x8, 0xf7, 0xf, 0xf0, 0x0, 0x9f,
    0x70, 0xff, 0x50, 0x1e, 0xf7, 0x9, 0xff, 0xdf,
    0xdf, 0x70, 0xa, 0xfe, 0x87, 0xf7,

    /* U+00FA "ú" */
    0x0, 0x0, 0x2f, 0xc0, 0x0, 0x0, 0x9, 0xf2,
    0x0, 0x0, 0x0, 0x74, 0x0, 0x0, 0xff, 0x0,
    0x8, 0xf7, 0xf, 0xf0, 0x0, 0x8f, 0x70, 0xff,
    0x0, 0x8, 0xf7, 0xf, 0xf0, 0x0, 0x8f, 0x70,
    0xff, 0x0, 0x8, 0xf7, 0xf, 0xf0, 0x0, 0x9f,
    0x70, 0xff, 0x50, 0x1e, 0xf7, 0x9, 0xff, 0xdf,
    0xdf, 0x70, 0xa, 0xfe, 0x87, 0xf7,

    /* U+00FB "û" */
    0x0, 0x9, 0xfe, 0x20, 0x0, 0x9, 0xe2, 0xae,
    0x20, 0x0, 0x0, 0x0, 0x0, 0x0, 0xff, 0x0,
    0x8, 0xf7, 0xf, 0xf0, 0x0, 0x8f, 0x70, 0xff,
    0x0, 0x8, 0xf7, 0xf, 0xf0, 0x0, 0x8f, 0x70,
    0xff, 0x0, 0x8, 0xf7, 0xf, 0xf0, 0x0, 0x9f,
    0x70, 0xff, 0x50, 0x1e, 0xf7, 0x9, 0xff, 0xdf,
    0xdf, 0x70, 0xa, 0xfe, 0x87, 0xf7,

    /* U+00FC "ü" */
    0x0, 0xcd, 0x7, 0xf5, 0x0, 0xf, 0xf1, 0x9f,
    0x70, 0x0, 0x22, 0x0, 0x30, 0x0, 0xff, 0x0,
    0x8, 0xf7, 0xf, 0xf0, 0x0, 0x8f, 0x70, 0xff,
    0x0, 0x8, 0xf7, 0xf, 0xf0, 0x0, 0x8f, 0x70,
    0xff, 0x0, 0x8, 0xf7, 0xf, 0xf0, 0x0, 0x9f,
    0x70, 0xff, 0x50, 0x1e, 0xf7, 0x9, 0xff, 0xdf,
    0xdf, 0x70, 0xa, 0xfe, 0x87, 0xf7,

    /* U+00FD "ý" */
    0x0, 0x0, 0x6f, 0x70, 0x0, 0x0, 0xd, 0xc0,
    0x0, 0x0, 0x1, 0x82, 0x0, 0x9, 0xf8, 0x0,
    0x8, 0xf9, 0x3f, 0xd0, 0x0, 0xdf, 0x30, 0xdf,
    0x20, 0x2f, 0xd0, 0x7, 0xf8, 0x8, 0xf7, 0x0,
    0x1f, 0xd0, 0xdf, 0x10, 0x0, 0xbf, 0x5f, 0xb0,
    0x0, 0x5, 0xfe, 0xf5, 0x0, 0x0, 0xf, 0xff,
    0x0, 0x0, 0x0, 0xaf, 0x90, 0x0, 0x0, 0xd,
    0xf3, 0x0, 0x0, 0x9c, 0xfc, 0x0, 0x0, 0xe,
    0xfb, 0x10, 0x0, 0x0,

    /* U+00FE "þ" */
    0xf, 0xf0, 0x0, 0x0, 0x0, 0xf, 0xf0, 0x0,
    0x0, 0x0, 0xf, 0xf0, 0x0, 0x0, 0x0, 0xf,
    0xf3, 0xcf, 0xd5, 0x0, 0xf, 0xfe, 0xdd, 0xff,
    0x40, 0xf, 0xf7, 0x0, 0x8f, 0xc0, 0xf, 0xf0,
    0x0, 0x1f, 0xf0, 0xf, 0xe0, 0x0, 0xf, 0xf1,
    0xf, 0xf0, 0x0, 0x1f, 0xf0, 0xf, 0xf7, 0x0,
    0x8f, 0xc0, 0xf, 0xfe, 0xdd, 0xff, 0x40, 0xf,
    0xf3, 0xcf, 0xd5, 0x0, 0xf, 0xf0, 0x0, 0x0,
    0x0, 0xf, 0xf0, 0x0, 0x0, 0x0, 0xf, 0xf0,
    0x0, 0x0, 0x0,

    /* U+00FF "ÿ" */
    0x2, 0xe9, 0xb, 0xe1, 0x0, 0x4f, 0xc0, 0xdf,
    0x20, 0x0, 0x31, 0x1, 0x20, 0x9, 0xf8, 0x0,
    0x8, 0xf9, 0x3f, 0xd0, 0x0, 0xdf, 0x30, 0xdf,
    0x20, 0x2f, 0xd0, 0x7, 0xf8, 0x8, 0xf7, 0x0,
    0x1f, 0xd0, 0xdf, 0x10, 0x0, 0xbf, 0x5f, 0xb0,
    0x0, 0x5, 0xfe, 0xf5, 0x0, 0x0, 0xf, 0xff,
    0x0, 0x0, 0x0, 0xaf, 0x90, 0x0, 0x0, 0xd,
    0xf3, 0x0, 0x0, 0x9c, 0xfc, 0x0, 0x0, 0xe,
    0xfb, 0x10, 0x0, 0x0
};


/*---------------------
 *  GLYPH DESCRIPTION
 *--------------------*/

static const lv_font_fmt_txt_glyph_dsc_t glyph_dsc[] = {
    {.bitmap_index = 0, .adv_w = 0, .box_w = 0, .box_h = 0, .ofs_x = 0, .ofs_y = 0} /* id = 0 reserved */,
    {.bitmap_index = 0, .adv_w = 61, .box_w = 0, .box_h = 0, .ofs_x = 0, .ofs_y = 0},
    {.bitmap_index = 0, .adv_w = 70, .box_w = 4, .box_h = 12, .ofs_x = 0, .ofs_y = 0},
    {.bitmap_index = 24, .adv_w = 123, .box_w = 6, .box_h = 5, .ofs_x = 1, .ofs_y = 7},
    {.bitmap_index = 39, .adv_w = 161, .box_w = 10, .box_h = 12, .ofs_x = 0, .ofs_y = 0},
    {.bitmap_index = 99, .adv_w = 165, .box_w = 10, .box_h = 16, .ofs_x = 0, .ofs_y = -2},
    {.bitmap_index = 179, .adv_w = 243, .box_w = 13, .box_h = 12, .ofs_x = 1, .ofs_y = 0},
    {.bitmap_index = 257, .adv_w = 166, .box_w = 11, .box_h = 12, .ofs_x = 0, .ofs_y = 0},
    {.bitmap_index = 323, .adv_w = 75, .box_w = 3, .box_h = 5, .ofs_x = 1, .ofs_y = 7},
    {.bitmap_index = 331, .adv_w = 88, .box_w = 5, .box_h = 16, .ofs_x = 1, .ofs_y = -2},
    {.bitmap_index = 371, .adv_w = 88, .box_w = 5, .box_h = 16, .ofs_x = 0, .ofs_y = -2},
    {.bitmap_index = 411, .adv_w = 134, .box_w = 7, .box_h = 7, .ofs_x = 1, .ofs_y = 5},
    {.bitmap_index = 436, .adv_w = 168, .box_w = 9, .box_h = 8, .ofs_x = 1, .ofs_y = 1},
    {.bitmap_index = 472, .adv_w = 70, .box_w = 4, .box_h = 5, .ofs_x = 0, .ofs_y = -3},
    {.bitmap_index = 482, .adv_w = 116, .box_w = 6, .box_h = 2, .ofs_x = 1, .ofs_y = 4},
    {.bitmap_index = 488, .adv_w = 70, .box_w = 4, .box_h = 3, .ofs_x = 0, .ofs_y = 0},
    {.bitmap_index = 494, .adv_w = 93, .box_w = 6, .box_h = 15, .ofs_x = 0, .ofs_y = -2},
    {.bitmap_index = 539, .adv_w = 166, .box_w = 10, .box_h = 12, .ofs_x = 0, .ofs_y = 0},
    {.bitmap_index = 599, .adv_w = 102, .box_w = 6, .box_h = 12, .ofs_x = 0, .ofs_y = 0},
    {.bitmap_index = 635, .adv_w = 154, .box_w = 9, .box_h = 12, .ofs_x = 0, .ofs_y = 0},
    {.bitmap_index = 689, .adv_w = 160, .box_w = 10, .box_h = 12, .ofs_x = 0, .ofs_y = 0},
    {.bitmap_index = 749, .adv_w = 167, .box_w = 10, .box_h = 12, .ofs_x = 0, .ofs_y = 0},
    {.bitmap_index = 809, .adv_w = 154, .box_w = 9, .box_h = 12, .ofs_x = 0, .ofs_y = 0},
    {.bitmap_index = 863, .adv_w = 159, .box_w = 10, .box_h = 12, .ofs_x = 0, .ofs_y = 0},
    {.bitmap_index = 923, .adv_w = 142, .box_w = 9, .box_h = 12, .ofs_x = 0, .ofs_y = 0},
    {.bitmap_index = 977, .adv_w = 159, .box_w = 10, .box_h = 12, .ofs_x = 0, .ofs_y = 0},
    {.bitmap_index = 1037, .adv_w = 159, .box_w = 10, .box_h = 12, .ofs_x = 0, .ofs_y = 0},
    {.bitmap_index = 1097, .adv_w = 70, .box_w = 4, .box_h = 9, .ofs_x = 0, .ofs_y = 0},
    {.bitmap_index = 1115, .adv_w = 71, .box_w = 4, .box_h = 11, .ofs_x = 0, .ofs_y = -2},
    {.bitmap_index = 1137, .adv_w = 168, .box_w = 8, .box_h = 10, .ofs_x = 1, .ofs_y = 0},
    {.bitmap_index = 1177, .adv_w = 168, .box_w = 9, .box_h = 6, .ofs_x = 1, .ofs_y = 2},
    {.bitmap_index = 1204, .adv_w = 168, .box_w = 9, .box_h = 10, .ofs_x = 1, .ofs_y = 0},
    {.bitmap_index = 1249, .adv_w = 141, .box_w = 9, .box_h = 12, .ofs_x = 0, .ofs_y = 0},
    {.bitmap_index = 1303, .adv_w = 255, .box_w = 16, .box_h = 15, .ofs_x = 0, .ofs_y = -3},
    {.bitmap_index = 1423, .adv_w = 181, .box_w = 12, .box_h = 12, .ofs_x = 0, .ofs_y = 0},
    {.bitmap_index = 1495, .adv_w = 166, .box_w = 9, .box_h = 12, .ofs_x = 1, .ofs_y = 0},
    {.bitmap_index = 1549, .adv_w = 187, .box_w = 12, .box_h = 12, .ofs_x = 0, .ofs_y = 0},
    {.bitmap_index = 1621, .adv_w = 181, .box_w = 10, .box_h = 12, .ofs_x = 1, .ofs_y = 0},
    {.bitmap_index = 1681, .adv_w = 154, .box_w = 8, .box_h = 12, .ofs_x = 1, .ofs_y = 0},
    {.bitmap_index = 1729, .adv_w = 148, .box_w = 8, .box_h = 12, .ofs_x = 1, .ofs_y = 0},
    {.bitmap_index = 1777, .adv_w = 190, .box_w = 12, .box_h = 12, .ofs_x = 0, .ofs_y = 0},
    {.bitmap_index = 1849, .adv_w = 187, .box_w = 10, .box_h = 12, .ofs_x = 1, .ofs_y = 0},
    {.bitmap_index = 1909, .adv_w = 67, .box_w = 3, .box_h = 12, .ofs_x = 1, .ofs_y = 0},
    {.bitmap_index = 1927, .adv_w = 145, .box_w = 9, .box_h = 12, .ofs_x = 0, .ofs_y = 0},
    {.bitmap_index = 1981, .adv_w = 175, .box_w = 10, .box_h = 12, .ofs_x = 1, .ofs_y = 0},
    {.bitmap_index = 2041, .adv_w = 143, .box_w = 8, .box_h = 12, .ofs_x = 1, .ofs_y = 0},
    {.bitmap_index = 2089, .adv_w = 230, .box_w = 13, .box_h = 12, .ofs_x = 1, .ofs_y = 0},
    {.bitmap_index = 2167, .adv_w = 189, .box_w = 10, .box_h = 12, .ofs_x = 1, .ofs_y = 0},
    {.bitmap_index = 2227, .adv_w = 194, .box_w = 12, .box_h = 12, .ofs_x = 0, .ofs_y = 0},
    {.bitmap_index = 2299, .adv_w = 162, .box_w = 9, .box_h = 12, .ofs_x = 1, .ofs_y = 0},
    {.bitmap_index = 2353, .adv_w = 194, .box_w = 12, .box_h = 13, .ofs_x = 0, .ofs_y = -1},
    {.bitmap_index = 2431, .adv_w = 166, .box_w = 9, .box_h = 12, .ofs_x = 1, .ofs_y = 0},
    {.bitmap_index = 2485, .adv_w = 165, .box_w = 10, .box_h = 12, .ofs_x = 0, .ofs_y = 0},
    {.bitmap_index = 2545, .adv_w = 164, .box_w = 10, .box_h = 12, .ofs_x = 0, .ofs_y = 0},
    {.bitmap_index = 2605, .adv_w = 184, .box_w = 10, .box_h = 12, .ofs_x = 1, .ofs_y = 0},
    {.bitmap_index = 2665, .adv_w = 181, .box_w = 12, .box_h = 12, .ofs_x = 0, .ofs_y = 0},
    {.bitmap_index = 2737, .adv_w = 256, .box_w = 16, .box_h = 12, .ofs_x = 0, .ofs_y = 0},
    {.bitmap_index = 2833, .adv_w = 179, .box_w = 11, .box_h = 12, .ofs_x = 0, .ofs_y = 0},
    {.bitmap_index = 2899, .adv_w = 177, .box_w = 11, .box_h = 12, .ofs_x = 0, .ofs_y = 0},
    {.bitmap_index = 2965, .adv_w = 164, .box_w = 10, .box_h = 12, .ofs_x = 0, .ofs_y = 0},
    {.bitmap_index = 3025, .adv_w = 88, .box_w = 4, .box_h = 15, .ofs_x = 1, .ofs_y = -2},
    {.bitmap_index = 3055, .adv_w = 93, .box_w = 6, .box_h = 15, .ofs_x = 0, .ofs_y = -2},
    {.bitmap_index = 3100, .adv_w = 88, .box_w = 5, .box_h = 15, .ofs_x = 0, .ofs_y = -2},
    {.bitmap_index = 3138, .adv_w = 119, .box_w = 8, .box_h = 6, .ofs_x = 0, .ofs_y = 6},
    {.bitmap_index = 3162, .adv_w = 120, .box_w = 8, .box_h = 2, .ofs_x = 0, .ofs_y = -2},
    {.bitmap_index = 3170, .adv_w = 79, .box_w = 5, .box_h = 3, .ofs_x = 0, .ofs_y = 10},
    {.bitmap_index = 3178, .adv_w = 142, .box_w = 8, .box_h = 9, .ofs_x = 0, .ofs_y = 0},
    {.bitmap_index = 3214, .adv_w = 155, .box_w = 10, .box_h = 12, .ofs_x = 0, .ofs_y = 0},
    {.bitmap_index = 3274, .adv_w = 144, .box_w = 9, .box_h = 9, .ofs_x = 0, .ofs_y = 0},
    {.bitmap_index = 3315, .adv_w = 155, .box_w = 9, .box_h = 12, .ofs_x = 0, .ofs_y = 0},
    {.bitmap_index = 3369, .adv_w = 146, .box_w = 9, .box_h = 9, .ofs_x = 0, .ofs_y = 0},
    {.bitmap_index = 3410, .adv_w = 94, .box_w = 6, .box_h = 12, .ofs_x = 0, .ofs_y = 0},
    {.bitmap_index = 3446, .adv_w = 155, .box_w = 9, .box_h = 12, .ofs_x = 0, .ofs_y = -3},
    {.bitmap_index = 3500, .adv_w = 151, .box_w = 9, .box_h = 12, .ofs_x = 0, .ofs_y = 0},
    {.bitmap_index = 3554, .adv_w = 63, .box_w = 4, .box_h = 12, .ofs_x = 0, .ofs_y = 0},
    {.bitmap_index = 3578, .adv_w = 63, .box_w = 5, .box_h = 15, .ofs_x = -1, .ofs_y = -3},
    {.bitmap_index = 3616, .adv_w = 141, .box_w = 9, .box_h = 12, .ofs_x = 0, .ofs_y = 0},
    {.bitmap_index = 3670, .adv_w = 63, .box_w = 3, .box_h = 12, .ofs_x = 0, .ofs_y = 0},
    {.bitmap_index = 3688, .adv_w = 226, .box_w = 14, .box_h = 9, .ofs_x = 0, .ofs_y = 0},
    {.bitmap_index = 3751, .adv_w = 151, .box_w = 9, .box_h = 9, .ofs_x = 0, .ofs_y = 0},
    {.bitmap_index = 3792, .adv_w = 150, .box_w = 9, .box_h = 9, .ofs_x = 0, .ofs_y = 0},
    {.bitmap_index = 3833, .adv_w = 155, .box_w = 10, .box_h = 12, .ofs_x = 0, .ofs_y = -3},
    {.bitmap_index = 3893, .adv_w = 155, .box_w = 9, .box_h = 12, .ofs_x = 0, .ofs_y = -3},
    {.bitmap_index = 3947, .adv_w = 96, .box_w = 6, .box_h = 9, .ofs_x = 0, .ofs_y = 0},
    {.bitmap_index = 3974, .adv_w = 134, .box_w = 8, .box_h = 9, .ofs_x = 0, .ofs_y = 0},
    {.bitmap_index = 4010, .adv_w = 90, .box_w = 6, .box_h = 11, .ofs_x = 0, .ofs_y = 0},
    {.bitmap_index = 4043, .adv_w = 151, .box_w = 9, .box_h = 9, .ofs_x = 0, .ofs_y = 0},
    {.bitmap_index = 4084, .adv_w = 144, .box_w = 9, .box_h = 9, .ofs_x = 0, .ofs_y = 0},
    {.bitmap_index = 4125, .adv_w = 209, .box_w = 13, .box_h = 9, .ofs_x = 0, .ofs_y = 0},
    {.bitmap_index = 4184, .adv_w = 140, .box_w = 9, .box_h = 9, .ofs_x = 0, .ofs_y = 0},
    {.bitmap_index = 4225, .adv_w = 144, .box_w = 9, .box_h = 12, .ofs_x = 0, .ofs_y = -3},
    {.bitmap_index = 4279, .adv_w = 137, .box_w = 8, .box_h = 9, .ofs_x = 0, .ofs_y = 0},
    {.bitmap_index = 4315, .adv_w = 112, .box_w = 6, .box_h = 15, .ofs_x = 1, .ofs_y = -3},
    {.bitmap_index = 4360, .adv_w = 88, .box_w = 3, .box_h = 20, .ofs_x = 1, .ofs_y = -4},
    {.bitmap_index = 4390, .adv_w = 112, .box_w = 6, .box_h = 15, .ofs_x = 0, .ofs_y = -3},
    {.bitmap_index = 4435, .adv_w = 168, .box_w = 9, .box_h = 4, .ofs_x = 1, .ofs_y = 3},
    {.bitmap_index = 4453, .adv_w = 61, .box_w = 0, .box_h = 0, .ofs_x = 0, .ofs_y = 0},
    {.bitmap_index = 4453, .adv_w = 71, .box_w = 4, .box_h = 12, .ofs_x = 0, .ofs_y = -3},
    {.bitmap_index = 4477, .adv_w = 144, .box_w = 9, .box_h = 12, .ofs_x = 0, .ofs_y = 0},
    {.bitmap_index = 4531, .adv_w = 157, .box_w = 10, .box_h = 12, .ofs_x = 0, .ofs_y = 0},
    {.bitmap_index = 4591, .adv_w = 188, .box_w = 11, .box_h = 12, .ofs_x = 0, .ofs_y = -1},
    {.bitmap_index = 4657, .adv_w = 141, .box_w = 9, .box_h = 12, .ofs_x = 0, .ofs_y = 0},
    {.bitmap_index = 4711, .adv_w = 77, .box_w = 3, .box_h = 15, .ofs_x = 1, .ofs_y = -3},
    {.bitmap_index = 4734, .adv_w = 141, .box_w = 9, .box_h = 15, .ofs_x = 0, .ofs_y = -3},
    {.bitmap_index = 4802, .adv_w = 151, .box_w = 7, .box_h = 3, .ofs_x = 1, .ofs_y = 10},
    {.bitmap_index = 4813, .adv_w = 230, .box_w = 13, .box_h = 13, .ofs_x = 1, .ofs_y = 0},
    {.bitmap_index = 4898, .adv_w = 115, .box_w = 7, .box_h = 7, .ofs_x = 0, .ofs_y = 5},
    {.bitmap_index = 4923, .adv_w = 156, .box_w = 10, .box_h = 8, .ofs_x = 0, .ofs_y = 1},
    {.bitmap_index = 4963, .adv_w = 168, .box_w = 8, .box_h = 4, .ofs_x = 1, .ofs_y = 3},
    {.bitmap_index = 4979, .adv_w = 166, .box_w = 10, .box_h = 11, .ofs_x = 0, .ofs_y = 2},
    {.bitmap_index = 5034, .adv_w = 108, .box_w = 5, .box_h = 3, .ofs_x = 1, .ofs_y = 10},
    {.bitmap_index = 5042, .adv_w = 114, .box_w = 7, .box_h = 7, .ofs_x = 0, .ofs_y = 6},
    {.bitmap_index = 5067, .adv_w = 168, .box_w = 9, .box_h = 9, .ofs_x = 1, .ofs_y = 1},
    {.bitmap_index = 5108, .adv_w = 108, .box_w = 7, .box_h = 7, .ofs_x = 0, .ofs_y = 7},
    {.bitmap_index = 5133, .adv_w = 110, .box_w = 7, .box_h = 7, .ofs_x = 0, .ofs_y = 7},
    {.bitmap_index = 5158, .adv_w = 79, .box_w = 5, .box_h = 3, .ofs_x = 0, .ofs_y = 10},
    {.bitmap_index = 5166, .adv_w = 153, .box_w = 10, .box_h = 12, .ofs_x = 0, .ofs_y = -3},
    {.bitmap_index = 5226, .adv_w = 149, .box_w = 9, .box_h = 12, .ofs_x = 0, .ofs_y = 0},
    {.bitmap_index = 5280, .adv_w = 70, .box_w = 4, .box_h = 3, .ofs_x = 0, .ofs_y = 4},
    {.bitmap_index = 5286, .adv_w = 81, .box_w = 4, .box_h = 4, .ofs_x = 1, .ofs_y = -3},
    {.bitmap_index = 5294, .adv_w = 75, .box_w = 4, .box_h = 7, .ofs_x = 0, .ofs_y = 7},
    {.bitmap_index = 5308, .adv_w = 121, .box_w = 8, .box_h = 7, .ofs_x = 0, .ofs_y = 5},
    {.bitmap_index = 5336, .adv_w = 156, .box_w = 10, .box_h = 8, .ofs_x = 0, .ofs_y = 1},
    {.bitmap_index = 5376, .adv_w = 204, .box_w = 13, .box_h = 13, .ofs_x = 0, .ofs_y = -1},
    {.bitmap_index = 5461, .adv_w = 213, .box_w = 13, .box_h = 13, .ofs_x = 0, .ofs_y = -1},
    {.bitmap_index = 5546, .adv_w = 225, .box_w = 14, .box_h = 13, .ofs_x = 0, .ofs_y = -1},
    {.bitmap_index = 5637, .adv_w = 141, .box_w = 9, .box_h = 12, .ofs_x = 0, .ofs_y = -3},
    {.bitmap_index = 5691, .adv_w = 181, .box_w = 12, .box_h = 16, .ofs_x = 0, .ofs_y = 0},
    {.bitmap_index = 5787, .adv_w = 181, .box_w = 12, .box_h = 16, .ofs_x = 0, .ofs_y = 0},
    {.bitmap_index = 5883, .adv_w = 181, .box_w = 12, .box_h = 16, .ofs_x = 0, .ofs_y = 0},
    {.bitmap_index = 5979, .adv_w = 181, .box_w = 12, .box_h = 17, .ofs_x = 0, .ofs_y = 0},
    {.bitmap_index = 6081, .adv_w = 181, .box_w = 12, .box_h = 16, .ofs_x = 0, .ofs_y = 0},
    {.bitmap_index = 6177, .adv_w = 181, .box_w = 12, .box_h = 17, .ofs_x = 0, .ofs_y = 0},
    {.bitmap_index = 6279, .adv_w = 258, .box_w = 16, .box_h = 12, .ofs_x = 0, .ofs_y = 0},
    {.bitmap_index = 6375, .adv_w = 187, .box_w = 12, .box_h = 15, .ofs_x = 0, .ofs_y = -3},
    {.bitmap_index = 6465, .adv_w = 154, .box_w = 8, .box_h = 16, .ofs_x = 1, .ofs_y = 0},
    {.bitmap_index = 6529, .adv_w = 154, .box_w = 8, .box_h = 16, .ofs_x = 1, .ofs_y = 0},
    {.bitmap_index = 6593, .adv_w = 154, .box_w = 8, .box_h = 16, .ofs_x = 1, .ofs_y = 0},
    {.bitmap_index = 6657, .adv_w = 154, .box_w = 8, .box_h = 16, .ofs_x = 1, .ofs_y = 0},
    {.bitmap_index = 6721, .adv_w = 67, .box_w = 5, .box_h = 16, .ofs_x = -1, .ofs_y = 0},
    {.bitmap_index = 6761, .adv_w = 67, .box_w = 4, .box_h = 16, .ofs_x = 1, .ofs_y = 0},
    {.bitmap_index = 6793, .adv_w = 67, .box_w = 6, .box_h = 16, .ofs_x = -1, .ofs_y = 0},
    {.bitmap_index = 6841, .adv_w = 67, .box_w = 6, .box_h = 16, .ofs_x = -1, .ofs_y = 0},
    {.bitmap_index = 6889, .adv_w = 191, .box_w = 12, .box_h = 12, .ofs_x = 0, .ofs_y = 0},
    {.bitmap_index = 6961, .adv_w = 189, .box_w = 10, .box_h = 17, .ofs_x = 1, .ofs_y = 0},
    {.bitmap_index = 7046, .adv_w = 194, .box_w = 12, .box_h = 16, .ofs_x = 0, .ofs_y = 0},
    {.bitmap_index = 7142, .adv_w = 194, .box_w = 12, .box_h = 16, .ofs_x = 0, .ofs_y = 0},
    {.bitmap_index = 7238, .adv_w = 194, .box_w = 12, .box_h = 16, .ofs_x = 0, .ofs_y = 0},
    {.bitmap_index = 7334, .adv_w = 194, .box_w = 12, .box_h = 17, .ofs_x = 0, .ofs_y = 0},
    {.bitmap_index = 7436, .adv_w = 194, .box_w = 12, .box_h = 16, .ofs_x = 0, .ofs_y = 0},
    {.bitmap_index = 7532, .adv_w = 168, .box_w = 9, .box_h = 9, .ofs_x = 1, .ofs_y = 0},
    {.bitmap_index = 7573, .adv_w = 194, .box_w = 12, .box_h = 14, .ofs_x = 0, .ofs_y = -1},
    {.bitmap_index = 7657, .adv_w = 184, .box_w = 10, .box_h = 16, .ofs_x = 1, .ofs_y = 0},
    {.bitmap_index = 7737, .adv_w = 184, .box_w = 10, .box_h = 16, .ofs_x = 1, .ofs_y = 0},
    {.bitmap_index = 7817, .adv_w = 184, .box_w = 10, .box_h = 16, .ofs_x = 1, .ofs_y = 0},
    {.bitmap_index = 7897, .adv_w = 184, .box_w = 10, .box_h = 16, .ofs_x = 1, .ofs_y = 0},
    {.bitmap_index = 7977, .adv_w = 177, .box_w = 11, .box_h = 16, .ofs_x = 0, .ofs_y = 0},
    {.bitmap_index = 8065, .adv_w = 164, .box_w = 9, .box_h = 12, .ofs_x = 1, .ofs_y = 0},
    {.bitmap_index = 8119, .adv_w = 160, .box_w = 9, .box_h = 12, .ofs_x = 1, .ofs_y = 0},
    {.bitmap_index = 8173, .adv_w = 142, .box_w = 8, .box_h = 12, .ofs_x = 0, .ofs_y = 0},
    {.bitmap_index = 8221, .adv_w = 142, .box_w = 8, .box_h = 12, .ofs_x = 0, .ofs_y = 0},
    {.bitmap_index = 8269, .adv_w = 142, .box_w = 8, .box_h = 12, .ofs_x = 0, .ofs_y = 0},
    {.bitmap_index = 8317, .adv_w = 142, .box_w = 8, .box_h = 13, .ofs_x = 0, .ofs_y = 0},
    {.bitmap_index = 8369, .adv_w = 142, .box_w = 8, .box_h = 12, .ofs_x = 0, .ofs_y = 0},
    {.bitmap_index = 8417, .adv_w = 142, .box_w = 8, .box_h = 14, .ofs_x = 0, .ofs_y = 0},
    {.bitmap_index = 8473, .adv_w = 229, .box_w = 14, .box_h = 9, .ofs_x = 0, .ofs_y = 0},
    {.bitmap_index = 8536, .adv_w = 144, .box_w = 9, .box_h = 12, .ofs_x = 0, .ofs_y = -3},
    {.bitmap_index = 8590, .adv_w = 146, .box_w = 9, .box_h = 12, .ofs_x = 0, .ofs_y = 0},
    {.bitmap_index = 8644, .adv_w = 146, .box_w = 9, .box_h = 12, .ofs_x = 0, .ofs_y = 0},
    {.bitmap_index = 8698, .adv_w = 146, .box_w = 9, .box_h = 12, .ofs_x = 0, .ofs_y = 0},
    {.bitmap_index = 8752, .adv_w = 146, .box_w = 9, .box_h = 12, .ofs_x = 0, .ofs_y = 0},
    {.bitmap_index = 8806, .adv_w = 63, .box_w = 4, .box_h = 12, .ofs_x = -1, .ofs_y = 0},
    {.bitmap_index = 8830, .adv_w = 63, .box_w = 5, .box_h = 12, .ofs_x = 0, .ofs_y = 0},
    {.bitmap_index = 8860, .adv_w = 63, .box_w = 6, .box_h = 12, .ofs_x = -1, .ofs_y = 0},
    {.bitmap_index = 8896, .adv_w = 63, .box_w = 6, .box_h = 12, .ofs_x = -1, .ofs_y = 0},
    {.bitmap_index = 8932, .adv_w = 148, .box_w = 9, .box_h = 14, .ofs_x = 0, .ofs_y = 0},
    {.bitmap_index = 8995, .adv_w = 151, .box_w = 9, .box_h = 12, .ofs_x = 0, .ofs_y = 0},
    {.bitmap_index = 9049, .adv_w = 150, .box_w = 9, .box_h = 12, .ofs_x = 0, .ofs_y = 0},
    {.bitmap_index = 9103, .adv_w = 150, .box_w = 9, .box_h = 12, .ofs_x = 0, .ofs_y = 0},
    {.bitmap_index = 9157, .adv_w = 150, .box_w = 9, .box_h = 12, .ofs_x = 0, .ofs_y = 0},
    {.bitmap_index = 9211, .adv_w = 150, .box_w = 9, .box_h = 13, .ofs_x = 0, .ofs_y = 0},
    {.bitmap_index = 9270, .adv_w = 150, .box_w = 9, .box_h = 12, .ofs_x = 0, .ofs_y = 0},
    {.bitmap_index = 9324, .adv_w = 168, .box_w = 9, .box_h = 9, .ofs_x = 1, .ofs_y = 0},
    {.bitmap_index = 9365, .adv_w = 150, .box_w = 9, .box_h = 11, .ofs_x = 0, .ofs_y = -1},
    {.bitmap_index = 9415, .adv_w = 151, .box_w = 9, .box_h = 12, .ofs_x = 0, .ofs_y = 0},
    {.bitmap_index = 9469, .adv_w = 151, .box_w = 9, .box_h = 12, .ofs_x = 0, .ofs_y = 0},
    {.bitmap_index = 9523, .adv_w = 151, .box_w = 9, .box_h = 12, .ofs_x = 0, .ofs_y = 0},
    {.bitmap_index = 9577, .adv_w = 151, .box_w = 9, .box_h = 12, .ofs_x = 0, .ofs_y = 0},
    {.bitmap_index = 9631, .adv_w = 144, .box_w = 9, .box_h = 15, .ofs_x = 0, .ofs_y = -3},
    {.bitmap_index = 9699, .adv_w = 155, .box_w = 10, .box_h = 15, .ofs_x = 0, .ofs_y = -3},
    {.bitmap_index = 9774, .adv_w = 144, .box_w = 9, .box_h = 15, .ofs_x = 0, .ofs_y = -3}
};

/*---------------------
 *  CHARACTER MAPPING
 *--------------------*/



/*Collect the unicode lists and glyph_id offsets*/
static const lv_font_fmt_txt_cmap_t cmaps[] =
{
    {
        .range_start = 32, .range_length = 95, .glyph_id_start = 1,
        .unicode_list = NULL, .glyph_id_ofs_list = NULL, .list_length = 0, .type = LV_FONT_FMT_TXT_CMAP_FORMAT0_TINY
    },
    {
        .range_start = 160, .range_length = 13, .glyph_id_start = 96,
        .unicode_list = NULL, .glyph_id_ofs_list = NULL, .list_length = 0, .type = LV_FONT_FMT_TXT_CMAP_FORMAT0_TINY
    },
    {
        .range_start = 174, .range_length = 82, .glyph_id_start = 109,
        .unicode_list = NULL, .glyph_id_ofs_list = NULL, .list_length = 0, .type = LV_FONT_FMT_TXT_CMAP_FORMAT0_TINY
    }
};

/*-----------------
 *    KERNING
 *----------------*/


/*Map glyph_ids to kern left classes*/
static const uint8_t kern_left_class_mapping[] =
{
    0, 0, 0, 1, 0, 2, 0, 3,
    1, 4, 0, 5, 6, 7, 6, 7,
    8, 9, 10, 0, 11, 12, 13, 0,
    14, 11, 9, 15, 15, 0, 16, 17,
    18, 19, 20, 21, 22, 23, 24, 25,
    26, 27, 27, 28, 29, 30, 27, 27,
    23, 31, 23, 32, 33, 34, 28, 35,
    36, 37, 38, 39, 4, 40, 0, 5,
    41, 0, 42, 43, 43, 27, 43, 44,
    45, 42, 46, 46, 47, 27, 42, 42,
    43, 43, 45, 48, 49, 50, 51, 52,
    53, 54, 52, 55, 4, 10, 0, 56,
    0, 57, 58, 0, 0, 59, 0, 0,
    0, 19, 60, 61, 62, 63, 0, 5,
    16, 0, 0, 0, 64, 10, 65, 0,
    0, 60, 66, 0, 0, 0, 67, 20,
    20, 20, 20, 20, 20, 24, 22, 24,
    24, 24, 24, 27, 27, 68, 68, 23,
    27, 23, 23, 23, 23, 23, 69, 23,
    28, 28, 28, 28, 38, 70, 21, 42,
    42, 42, 42, 42, 42, 71, 43, 43,
    43, 43, 43, 46, 46, 72, 73, 43,
    74, 43, 43, 43, 75, 75, 6, 43,
    51, 51, 51, 51, 52, 43, 52
};

/*Map glyph_ids to kern right classes*/
static const uint8_t kern_right_class_mapping[] =
{
    0, 0, 0, 1, 0, 2, 0, 3,
    1, 0, 4, 5, 6, 7, 8, 9,
    10, 11, 12, 0, 13, 14, 0, 11,
    15, 13, 0, 16, 16, 17, 18, 0,
    19, 20, 21, 22, 23, 22, 22, 22,
    23, 22, 22, 24, 22, 22, 22, 22,
    23, 22, 23, 22, 25, 26, 27, 28,
    29, 30, 31, 32, 0, 33, 4, 34,
    35, 0, 36, 22, 37, 37, 37, 38,
    37, 22, 39, 40, 22, 22, 41, 41,
    37, 41, 37, 41, 42, 43, 44, 45,
    46, 47, 45, 48, 0, 49, 4, 50,
    0, 0, 51, 0, 0, 52, 0, 0,
    0, 53, 54, 55, 56, 57, 0, 58,
    18, 0, 0, 0, 59, 60, 61, 0,
    0, 54, 62, 0, 0, 0, 63, 21,
    21, 21, 21, 21, 21, 21, 23, 22,
    22, 22, 22, 22, 22, 64, 64, 65,
    22, 23, 23, 23, 23, 23, 66, 23,
    27, 27, 27, 27, 31, 22, 22, 36,
    36, 36, 67, 68, 36, 36, 37, 37,
    37, 37, 69, 70, 71, 70, 72, 37,
    41, 37, 37, 37, 73, 69, 6, 37,
    44, 44, 44, 74, 45, 22, 75
};

/*Kern values between classes*/
static const int8_t kern_class_values[] =
{
    0, 0, 0, 0, 0, 0, 0, 0,
    0, 0, 0, 0, 0, 0, 0, 0,
    0, 0, 0, 0, -20, 0, 0, -42,
    0, 0, 0, 0, 0, 0, 0, 0,
    0, 0, 0, 0, -7, 0, 0, 0,
    0, -5, 0, 0, 0, 0, 0, 0,
    0, 0, 0, 0, 0, 0, 0, 0,
    0, 0, 0, 0, 0, 0, 0, 0,
    0, 0, 0, 0, -7, 0, 0, 0,
    -7, 0, 0, 0, 0, 0, 0, 0,
    0, 0, 0, 0, 0, 0, 0, 0,
    0, 0, 0, 0, 0, 0, 0, -3,
    0, 0, 0, 0, -3, 0, 0, 0,
    -4, 0, 0, 0, 0, 0, 0, 0,
    0, 0, 0, 0, 0, 0, 0, 0,
    0, 0, 0, 0, 0, 0, 0, 0,
    0, 0, 0, 0, 0, 0, 0, 0,
    0, 0, 0, 0, 0, 0, 0, 0,
    0, 0, 12, 0, 0, 0, 0, 0,
    0, 0, 0, 0, 0, 0, 0, 0,
    0, 0, 0, 0, 0, 0, 0, 0,
    0, 0, 0, 0, 0, 0, 0, -14,
    0, -16, -10, 0, -19, 0, 0, 0,
    0, 0, 0, 0, 0, 0, 0, 0,
    0, 0, -9, -9, 0, 0, 0, 0,
    0, 0, 0, -10, 0, 0, 0, 0,
    0, 0, 0, 0, 0, 0, 0, 0,
    0, 0, 0, 0, 0, 0, 0, 0,
    -9, 0, 0, 0, 0, 0, 0, 0,
    0, 0, 0, 0, 0, 0, 0, 0,
    0, 0, 0, 0, 0, 0, 1, 0,
    0, 0, 0, 0, 0, 0, 0, 0,
    0, 0, 0, 0, 0, -2, 0, 0,
    5, 1, 0, 0, 0, 0, 0, 0,
    0, 0, 0, 0, 0, 0, 0, 0,
    0, 0, 0, 0, 0, 0, 0, 0,
    0, 0, 0, 0, 0, -2, 0, 0,
    0, -2, 0, 0, 0, 0, 0, 0,
    0, 0, 0, 0, 0, 0, 0, 0,
    0, 0, 0, 0, 0, 0, 0, 0,
    -23, 0, -2, -25, 0, 0, 0, 0,
    0, 0, 0, 0, 0, 0, 0, 0,
    0, 0, 0, 0, 0, 0, 0, 0,
    0, 0, 0, 0, 0, 0, 0, 0,
    0, 0, 0, 0, 0, 0, 0, 0,
    0, 0, 0, 0, 3, 0, 0, 0,
    0, 0, 0, 0, 0, 0, 0, 0,
    0, 0, 0, 0, 0, 0, 0, 0,
    0, 0, 0, 0, 0, 0, 0, 0,
    0, 0, 0, -9, 0, 0, -12, 0,
    -19, 0, -12, -10, -11, -18, 0, 0,
    0, 0, 0, 0, 0, 0, 0, 0,
    0, 0, 0, -2, 0, -6, 0, 0,
    0, 0, 0, 0, 0, 0, 0, 0,
    0, 0, 0, 0, 0, 0, 0, 0,
    0, 0, 0, 0, 0, 0, 0, 0,
    0, -2, 0, 0, 0, 0, 0, 0,
    0, 0, 0, 0, 0, 0, 0, 0,
    0, 0, 0, 0, 0, 0, 0, 0,
    -11, 0, 0, -9, 0, 0, 0, 0,
    -14, 0, 0, 0, 0, 0, 0, 0,
    0, 0, 0, 0, 0, 0, 0, 0,
    0, 0, 0, 0, 0, 0, 0, 0,
    0, 0, 0, 0, 0, 0, 0, 0,
    0, 0, 0, 0, 0, 0, 0, 0,
    0, 0, 0, 0, 0, 0, 0, 0,
    0, 0, 0, 0, 0, 0, 0, 0,
    0, 0, 0, 0, 0, 0, 0, 0,
    0, -10, 0, 0, -16, 0, 0, 0,
    1, 1, 0, 0, 0, 0, 0, 0,
    0, 0, 0, 0, 0, 0, 0, 0,
    0, 0, 0, 0, 0, 0, 0, 0,
    0, 0, 0, 0, 0, 0, 0, 0,
    0, 0, 0, 0, 0, 0, 0, 0,
    0, 0, 0, 0, 0, 0, 0, 0,
    0, 0, 0, 0, 0, 0, 0, 0,
    0, 0, 0, 0, 0, 0, 0, 0,
    0, 0, 0, 0, -4, 0, 0, 0,
    0, 0, 0, -7, 0, -10, -9, 0,
    0, 0, 0, 0, 0, 0, 0, 0,
    0, 0, 5, 0, 0, 0, 0, 0,
    0, 0, 0, 0, 0, 0, 0, 0,
    0, 0, 0, 0, 0, 0, 0, 0,
    0, 0, 0, 0, 0, 0, 0, 0,
    0, 0, 0, 0, 0, 0, 0, 0,
    0, 0, 0, 0, 0, 0, 0, 0,
    0, 0, 0, 0, 0, 0, 0, 0,
    0, 0, 0, 0, 0, 0, 0, 0,
    0, 0, 0, 0, 0, 0, 0, 0,
    0, 0, 0, 0, 0, 2, 0, 2,
    0, 0, 0, 0, 0, 0, 0, 0,
    0, 0, 0, 0, 0, 0, 0, 0,
    0, 0, 0, 9, 0, 0, 0, 0,
    0, 0, 18, 0, 0, 2, 0, 0,
    0, 0, 0, 0, 0, 0, 0, 0,
    0, 0, 0, 0, 0, 0, 0, 0,
    0, 0, 0, 0, 0, 0, 0, 0,
    0, 0, 0, -5, 0, 0, 0, 0,
    0, 0, 0, 0, 0, 0, 0, 0,
    0, 0, 0, 0, 0, 0, 0, 0,
    0, 0, 0, 0, 0, 0, 0, 0,
    0, 0, 0, 0, 0, 0, 0, 0,
    0, 0, 0, 0, 0, 0, 0, 0,
    0, 0, 0, 0, 0, 0, 0, 0,
    0, 0, 0, 0, 0, 0, 0, 0,
    0, 0, 0, 0, 0, 0, 0, 0,
    0, 0, 0, 0, 0, 0, 0, 0,
    0, 0, 0, 0, 0, 0, 0, 0,
    0, 0, 0, -4, 0, 0, 0, 0,
    0, 0, 0, 0, 0, 0, 0, 0,
    0, 0, 0, 0, 0, 0, 0, 0,
    0, 0, 0, 0, 0, 0, 0, 0,
    0, 0, 0, 0, 0, 0, 0, 0,
    0, 0, 0, 0, 0, 0, 0, 0,
    0, 0, 0, 0, 0, 0, 0, 0,
    0, 0, 0, 0, 0, 0, 0, 0,
    0, 0, 0, 0, 0, 0, 0, 0,
    0, 0, 0, 0, 0, 0, -2, 0,
    0, 0, 0, 0, 0, 0, 0, 0,
    0, 0, 0, 0, 0, 0, 0, 0,
    0, 0, 0, 0, 0, 0, 0, 0,
    0, 0, 0, 0, 0, 0, 0, 0,
    0, 0, 0, 0, 0, 0, 0, 0,
    0, 0, 0, 0, 0, 0, 0, 0,
    0, 0, 0, -28, 0, 0, -25, 0,
    0, 0, 0, 0, 0, 0, 0, 0,
    0, 0, -12, -13, 0, 0, 0, -13,
    -13, 0, 0, 0, 0, 0, 0, 0,
    0, 0, 0, 0, 0, 0, 0, 0,
    0, 0, 0, 0, 0, 0, 0, 0,
    0, -12, -12, -13, 0, 0, 23, -13,
    0, 0, 0, 0, 0, 0, 0, 0,
    0, 0, 0, 0, 0, 0, 0, 0,
    0, 0, 0, 0, 0, 0, 0, 0,
    0, 0, 0, -9, 0, -16, 0, 0,
    0, 0, 0, 0, 0, 0, 0, 0,
    0, 0, 0, 0, 0, 0, 0, 0,
    0, 0, 0, 0, 0, 0, 0, 0,
    0, 0, 0, 0, 0, 0, 0, 0,
    0, 0, 0, 0, 0, 0, 0, 0,
    0, 0, 0, 0, 0, 0, 0, 0,
    0, 0, 0, 0, 0, 0, 0, 0,
    0, 0, 0, 0, 0, 0, 0, 0,
    0, -13, 0, 0, 0, 0, -12, 0,
    -17, -16, -13, -25, 0, 0, 0, 0,
    0, 0, 0, 0, 0, 0, 0, 0,
    0, -10, 0, -9, 0, 0, 0, 0,
    0, 0, 0, 0, 0, 0, 0, 0,
    0, 0, 0, 0, 0, 0, 0, 0,
    0, 0, 0, 0, 0, 0, 0, -10,
    0, 0, 0, 0, 0, 0, 0, 0,
    0, 0, 0, 0, 0, 0, 0, 0,
    0, 0, 0, 0, -6, 0, 0, 0,
    0, -20, 0, -19, -19, -14, -23, -16,
    0, 0, 0, 0, 0, 0, 0, 0,
    0, 0, 0, 0, 0, 0, 0, 0,
    0, 0, 0, 0, 0, 0, 0, 0,
    0, 0, 0, 0, 0, 0, 0, 0,
    0, 0, 0, 0, 0, 0, 0, 0,
    0, 0, 0, 0, 0, 0, 0, 0,
    0, 0, 0, 0, 0, 0, 0, 0,
    0, 0, 0, 0, 0, 0, 0, -16,
    0, 0, 0, 0, 0, 0, 0, 0,
    0, 0, 0, 0, 0, 0, 0, 0,
    0, 0, 0, 0, 0, 0, 0, 0,
    0, 0, 0, 0, 0, 0, 0, 0,
    0, 0, 0, 0, 0, 0, 0, 0,
    0, 0, 0, 0, 0, 0, 0, 0,
    0, 0, 0, 0, 0, 0, 0, 0,
    0, 0, 0, 0, 0, 0, 0, 0,
    0, 0, 0, 0, 0, 0, 0, 0,
    0, 0, -10, 0, 0, 0, 0, -9,
    0, -10, -6, -14, -12, 0, 0, 0,
    0, 0, 0, 0, 0, 0, 0, 0,
    0, 0, 0, 0, 0, 0, 0, 0,
    0, 0, 0, 0, 0, 0, 0, 0,
    0, 0, 0, 0, 0, 0, 0, 0,
    0, 0, 0, 0, 0, 0, 0, 0,
    0, -20, -3, 0, 0, -23, -9, 0,
    -9, 0, 4, -4, -18, 0, 0, 0,
    0, -6, -13, -16, -10, 3, 0, -10,
    0, -3, -24, -8, -23, -19, 0, -24,
    0, -23, -23, 0, 0, -5, -3, 0,
    0, 0, -2, -8, 0, -17, -17, 0,
    0, 0, -9, -5, 0, -10, -19, -9,
    -9, -18, -23, 0, -14, -9, -9, 0,
    0, 0, -9, 0, 0, -5, 0, 0,
    0, -5, 0, -17, 0, 0, 0, 0,
    0, 0, 0, 0, 0, 0, 0, 0,
    0, 0, 0, 0, 0, 0, 0, 0,
    0, 0, 0, 0, 0, -11, 0, 0,
    0, 0, 0, 0, 0, 0, 0, 0,
    0, 0, 0, 0, 0, 0, 0, 0,
    0, 0, 0, 0, 0, 0, 0, 0,
    0, 0, 0, 0, 0, 0, 0, 0,
    0, 0, 0, 0, 0, 0, 0, 0,
    0, 0, 0, 9, 0, 0, 0, 0,
    0, 0, 0, 0, 0, 0, 0, 0,
    0, 0, 0, 0, 0, 0, 0, 0,
    0, 0, 0, -6, 0, 0, 0, 0,
    0, 0, 0, 0, -3, 0, 0, 0,
    0, -10, 0, 0, 0, 0, 0, 0,
    0, 0, 0, 1, 0, 0, 0, 0,
    0, 0, 0, 0, 0, 0, 0, 0,
    0, 0, 0, 0, 0, 0, 0, 0,
    0, 0, 0, 0, 0, 0, 9, 0,
    0, 1, 0, 0, 0, 0, 0, 0,
    -11, 0, -11, -10, 0, 0, 0, 0,
    0, 0, 0, 0, 0, 0, -10, 0,
    0, 0, 0, -9, 0, -10, -6, -14,
    -12, 0, -10, 0, -10, 0, 0, 0,
    0, 0, 0, 0, 0, 0, 0, 0,
    0, 0, 0, 0, 0, 0, 0, 0,
    0, 0, -1, 0, 0, 0, 0, 0,
    0, 0, 0, 0, 0, 0, 0, 0,
    0, 0, 0, 0, 0, 0, 0, 0,
    0, 0, 0, 0, 0, 0, 0, 0,
    0, 0, 0, 0, 0, 0, 0, 0,
    0, 0, 0, 0, 0, 0, 0, 0,
    0, 0, 0, 0, 0, 0, 0, 0,
    0, 0, 0, 0, 0, 0, 0, 0,
    0, 0, 0, 0, 0, 0, 0, 0,
    0, 0, 0, 0, 0, 0, 0, 0,
    0, 0, 0, 0, 0, 0, 0, 0,
    0, 0, 0, 0, 19, 0, 0, 0,
    0, 0, 0, 0, 0, 0, -10, 0,
    -9, -3, 0, 0, 0, 0, 0, 0,
    0, 0, 0, -1, -23, 0, -1, -17,
    0, 0, 0, 0, 0, 0, 0, 0,
    0, 0, -9, -4, -5, 0, 0, 0,
    -4, 0, 0, -9, -9, 0, 0, -9,
    0, 0, -5, 0, -1, 0, 0, 0,
    0, 0, -9, 0, 0, 0, 0, 0,
    0, 0, -4, -4, -5, 0, 0, 0,
    -5, -9, -9, 0, 0, 0, 0, 0,
    0, 0, 0, 0, 0, 0, 0, 0,
    0, 0, 0, 0, 0, 0, 0, -7,
    0, 0, 0, 0, -8, 0, -6, 0,
    -3, -7, 0, -6, 0, 0, 0, 0,
    0, 0, 0, 0, 0, 0, 0, 0,
    0, 0, 0, 0, 0, 0, 0, 0,
    0, 0, 0, 0, 0, 0, 0, 0,
    0, 0, 0, 0, 0, 0, 0, 0,
    0, 0, 9, 0, 0, 0, 0, 0,
    0, 1, 0, 0, 0, 0, 0, 0,
    0, 0, 0, 0, 0, 0, 0, 0,
    0, 0, 0, 0, 0, 0, 0, 0,
    0, 0, 0, 0, 0, 0, 0, 0,
    1, 0, 0, 0, 0, 0, 0, 0,
    2, 0, 2, 0, 0, 0, 0, 0,
    0, 0, 0, 0, 0, 0, 0, 0,
    0, 0, 0, 0, 0, 0, 9, 0,
    0, 0, 0, 0, 0, 18, 0, 0,
    2, 0, 0, 0, 0, 0, 0, -9,
    0, -9, -14, 0, 0, 0, 0, 0,
    0, 0, 0, 0, 0, -8, 0, 0,
    0, 0, 0, 0, 0, 0, 0, 0,
    0, 0, 0, -13, 0, 0, 0, 0,
    0, 0, 0, 0, 0, 0, 0, 0,
    0, 0, 0, 0, 0, 0, 0, 0,
    0, 0, 0, 0, 0, 0, 0, 0,
    0, 0, 0, 0, 0, 0, 0, 0,
    0, 0, 0, 0, 0, -5, 0, 0,
    0, -22, 0, -22, 0, 0, 0, 0,
    0, 0, 0, 0, -17, -9, 0, -11,
    0, 0, -11, 0, -5, 0, 0, 0,
    0, 0, 0, 0, 0, 0, 0, 0,
    -10, 0, 1, 0, 0, 0, 0, -9,
    -10, -16, 0, 0, 0, -22, -10, 0,
    -11, 0, -13, -13, -4, 0, -9, 0,
    -12, 0, 0, 0, 0, -9, 0, 0,
    -10, 1, 1, 22, -10, -9, -10, -23,
    0, 0, 0, -10, -19, 0, -13, 0,
    0, 0, -12, 0, 0, 0, 0, 0,
    0, -7, -7, 0, 0, -7, 0, 0,
    -24, 0, -19, -6, 0, -27, 0, -19,
    -33, 0, 0, 0, 0, 0, 0, 0,
    0, -6, 0, -17, 0, 0, 0, 0,
    -10, 0, 0, -7, -25, -16, -33, -21,
    -12, 0, -21, -16, 0, 0, 0, 0,
    -9, 0, 0, 0, 0, 0, 0, 0,
    0, -17, 0, 0, -9, 0, 0, -7,
    -10, -7, -9, 0, 0, 0, 0, 0,
    0, 0, 0, 0, 0, 0, -20, 0,
    0, -25, 0, -1, 0, 0, 0, 0,
    0, 0, 0, 0, 0, -4, -5, 0,
    0, 0, -1, 0, 0, 0, 0, 0,
    0, 0, 0, -7, -5, 0, 0, 0,
    0, -7, 0, 0, 0, 0, -7, 0,
    0, 0, 0, 0, -4, -4, -5, 0,
    0, 0, -5, 0, 0, 0, 0, 0,
    0, 0, 0, 0, 0, 0, 0, 0,
    0, 0, 0, 0, 0, 0, 0, 0,
    0, 0, 0, 0, 0, 0, -3, 0,
    -5, 0, 0, -7, 0, -5, 0, 0,
    -2, -5, 0, 0, 0, 0, 0, 0,
    0, 0, 0, 0, 0, 0, 0, -5,
    0, 0, 0, 0, 0, 0, 0, 0,
    0, 0, 0, 0, 0, 0, 0, -2,
    -2, -5, 0, 0, 12, -5, 0, 0,
    0, 0, 0, 0, 0, 0, 0, 0,
    0, 0, 0, 0, 0, 0, -1, 0,
    0, 0, 0, 0, -3, 0, 0, 0,
    0, -3, 0, 0, 0, -4, 0, 0,
    0, 0, 0, 0, 0, 0, 0, 0,
    0, 0, 0, 0, 0, 0, 0, 0,
    0, 0, 0, 0, 0, 0, 0, 0,
    0, 0, 0, 0, 0, 0, 0, 0,
    0, 0, 0, 0, 0, 0, 0, 12,
    0, 0, 0, 0, -1, -9, 0, 0,
    -17, -9, -17, -9, -13, -9, 0, 0,
    -17, -20, -9, -20, -9, 0, -9, -24,
    0, -9, -23, -1, 0, 0, 0, 0,
    0, 1, 0, 0, 0, -14, -24, -26,
    -1, 0, 0, -18, -22, -18, -23, -20,
    -20, -14, -17, 0, -17, -26, 0, -9,
    0, -33, -17, 0, 0, -26, 0, -20,
    -13, 0, 0, 0, -9, -10, -10, -13,
    0, 0, 23, -13, -20, -9, 0, 0,
    -13, 0, 0, -14, -25, -14, -25, -15,
    -7, 0, 0, -9, 0, -16, -19, -16,
    0, -9, -23, 0, -10, -25, 0, 0,
    0, 5, 0, 0, 0, 0, 5, 0,
    -20, -16, -17, 0, 0, 0, -6, -12,
    0, 0, 0, 0, 0, 0, 0, -14,
    -17, 0, -10, 0, -14, -16, 0, 0,
    0, 0, -10, 0, -5, 0, 0, -10,
    -16, -10, -17, 0, 0, 22, -12, 0,
    0, 0, -1, -13, 0, 0, -11, -25,
    -11, -25, -5, 0, 0, 0, -9, 0,
    -13, -19, -16, 0, -6, -19, 0, -6,
    -16, -1, 0, 0, 1, 5, 0, 0,
    0, 1, 0, 0, -14, -14, 0, 0,
    0, -7, -9, 0, 0, 0, 0, 0,
    0, 0, -11, -14, 0, -6, 0, -14,
    -11, 0, 0, 0, 0, -9, 0, -5,
    0, 0, 0, -14, -14, -14, 0, 0,
    0, -14, 0, 0, 0, -4, 0, 0,
    0, -11, 0, -11, 0, 0, -10, 0,
    -5, -10, 0, 0, -14, -13, 0, -14,
    0, 0, -14, 0, -4, -4, 0, 0,
    0, 0, 0, 0, 0, 0, 0, -14,
    -7, 0, 0, 0, 0, 0, 0, 0,
    0, 0, 0, 0, 0, -9, -7, 0,
    -14, 0, -10, -13, -2, 0, 0, 0,
    -12, 0, 0, 0, 0, -12, -14, -14,
    -7, 0, 0, 0, -7, 0, 0, 0,
    0, -16, 0, 0, -18, -14, -18, -14,
    0, 0, 0, 0, -17, 0, -16, -26,
    -25, 0, -12, -24, 0, -12, -9, 0,
    1, 0, 0, 0, 0, 0, 0, 0,
    0, 0, -26, -27, 0, -6, 0, -15,
    -17, 0, -10, 0, 0, 0, 0, 0,
    -18, -27, 0, -12, 0, -23, -13, -2,
    0, -10, 0, -13, -16, 0, 0, 0,
    -12, -17, -12, -27, -6, -8, 0, -27,
    -10, 0, 0, 0, 0, 0, 0, -10,
    0, -10, 0, 0, 0, 0, 0, 0,
    0, 0, -16, 0, 0, -9, 0, 0,
    -9, 0, 0, 0, 0, 0, 0, 0,
    0, 0, 0, 0, 0, 0, 0, 0,
    0, 0, 0, 0, 0, 0, 0, 0,
    0, 0, 0, -10, 0, 0, -9, 0,
    -9, -10, 0, 0, 0, 0, -9, 0,
    0, 0, 0, 0, 0, 0, 0, 0,
    0, 22, 0, 0, 0, 0, 0, 0,
    0, 0, 0, 0, 0, 0, 0, 0,
    0, 0, 0, 0, 0, 0, 0, 0,
    0, 3, 0, -10, 0, -3, -10, -8,
    -15, -15, 0, -24, 0, 0, 0, 0,
    0, -5, -3, 0, 0, 0, -2, -8,
    0, -13, -17, 0, 0, 0, 0, 0,
    0, 0, -19, 0, 0, 0, 0, 0,
    0, 0, 0, 0, 0, 0, 0, 0,
    0, -5, 0, 0, 0, -5, 0, -13,
    0, 0, 0, 0, 0, 0, 0, 0,
    0, 0, 0, 0, 0, 0, 0, 0,
    0, 0, 0, 0, 0, 4, -10, 0,
    0, -14, -10, -20, 0, 0, 0, 0,
    0, 0, 0, 0, 0, 0, 3, 25,
    6, 0, 0, 0, -20, 0, 0, 0,
    0, 0, 0, 0, 0, 0, 0, 0,
    0, 0, 0, 0, 0, 0, 0, 0,
    0, 0, 0, 0, 0, 3, 3, 0,
    0, 0, -20, -7, 0, 0, 0, 0,
    0, 0, 0, 0, 0, 0, -10, 0,
    0, 0, 0, 0, 0, 0, 0, 0,
    0, 0, 0, 0, -22, 0, -13, -13,
    0, -23, 0, -13, 0, 0, 0, 0,
    0, 0, 0, 0, 0, 0, 0, -5,
    0, 0, 0, 0, 0, 0, 0, 0,
    0, 0, 0, -2, 0, 0, 0, 0,
    0, 0, 0, 0, 0, 0, 0, 0,
    0, 0, 0, 0, 0, -5, -8, 0,
    0, -3, 0, 0, 0, 0, 0, 0,
    0, -9, 0, 0, 0, 0, 0, 0,
    0, 0, -7, 0, 0, 0, 0, -26,
    0, -17, -14, -7, -28, 0, -17, 0,
    0, 2, 0, 0, 0, 0, 0, 0,
    0, 0, -5, -4, -6, -5, 0, 0,
    0, 0, 0, -9, 0, 0, -2, 0,
    0, 0, 0, 0, 0, 0, 0, 0,
    2, 2, 0, 0, 0, 0, 0, 0,
    -5, 0, 0, 0, 0, 0, -6, -14,
    -6, -14, -5, 0, 0, 0, -16, 0,
    0, 0, 0, 0, 0, -9, 0, 0,
    -16, 0, 0, 0, 0, 0, 0, 2,
    0, 0, 0, -4, -5, -4, -11, 1,
    1, 0, -5, -10, 0, 1, 6, 0,
    0, 0, -6, -4, 0, 0, 0, -10,
    -6, 0, 0, 0, 0, -6, 0, 0,
    0, 0, -5, -5, -5, -4, 1, 1,
    26, -4, 0, 1, 0, 0, 0, 0,
    0, 0, 0, 0, 0, 0, 0, 0,
    0, 0, 0, 0, 0, 0, 0, 0,
    0, 0, 0, 0, 0, -13, 0, 0,
    0, 0, 0, 0, 0, 0, 0, 0,
    0, 0, 0, 2, 0, 0, 0, 0,
    0, 0, 0, 0, 0, 0, 0, 0,
    0, 0, 0, 0, 0, 0, 0, 0,
    0, 0, 0, 0, 0, 0, 0, 0,
    0, 0, 0, 0, 0, 0, 0, 0,
    0, 0, 3, 0, 0, 0, 0, 0,
    0, 0, 0, 0, 0, 0, 0, 0,
    0, 0, 0, 0, 0, 0, 0, 0,
    0, 0, 0, 0, 0, 0, 0, 0,
    0, 0, 0, 0, 0, 0, 0, 0,
    0, 1, 0, 0, 0, 0, 0, 0,
    0, 0, 3, 0, 0, 0, 0, 0,
    0, 0, 0, 0, 0, 0, 0, 0,
    0, 0, 0, 0, 0, 0, 19, 0,
    0, 0, 0, 0, 0, 0, 0, -14,
    0, -14, 0, 0, 0, 0, 0, -12,
    0, 0, -22, 0, 0, 0, 0, 0,
    0, 0, 0, -14, 0, 0, 0, 0,
    0, 0, 0, 0, 0, 0, -6, 0,
    0, 0, 0, 0, 0, 0, 1, 0,
    0, 0, 0, -14, -6, 0, 0, 0,
    -13, -17, 0, 0, 0, 0, -14, 0,
    0, 0, 0, 0, 0, 0, -6, 0,
    0, 0, -6, 0, 1, 0, 0, 0,
    0, 0, -8, -16, -8, -16, -8, 0,
    0, 0, 0, 0, 0, -9, 0, 0,
    0, -10, 1, 0, -14, 0, -14, 0,
    0, 0, 0, 0, -9, 0, 0, 0,
    -2, -3, 5, 1, 2, 2, 0, 5,
    0, 4, 3, 3, 0, 1, -8, -3,
    0, 0, 0, 0, -7, 0, 0, 0,
    0, -8, 0, 0, 0, 0, 0, -2,
    -2, -3, 1, 1, 3, -3, 0, 4,
    -4, 0, 0, 0, 0, 0, 0, 0,
    0, 0, 0, 0, 0, 0, 0, 0,
    0, 0, 0, 0, 0, 0, 0, 0,
    0, -19, 0, -12, -9, 0, -19, 0,
    -12, 0, 0, 0, 0, 0, 0, 0,
    0, 0, 1, 0, -2, 0, 0, 0,
    0, 0, 0, 0, 0, 0, 0, 0,
    -2, 0, 0, 0, 0, 0, 0, 0,
    0, 0, 0, 0, 0, 0, 0, 0,
    0, 0, -2, 0, 0, 0, 0, 0,
    -4, 0, -4, 0, 0, 0, 0, 0,
    -2, 0, 0, -7, 0, 0, 0, 0,
    0, 0, 0, 0, -9, 0, -2, -2,
    0, -2, 0, -2, 0, 0, 2, -2,
    -7, 0, 2, 0, -2, -6, 0, 6,
    6, 0, 0, 0, -4, -2, 0, 0,
    0, 0, -4, 0, 0, 0, 0, -4,
    0, 0, 0, 0, -2, 2, 2, -2,
    0, 0, 0, -2, 0, 6, 0, 0,
    0, 0, 0, -10, 0, -10, 0, -9,
    0, 0, 0, 0, 0, 0, -10, 0,
    0, 0, 0, 0, 0, 0, 0, -13,
    0, 0, 0, 0, -14, 0, 0, 0,
    -9, 0, 0, 0, 0, 0, 0, 0,
    0, 0, 0, 0, 0, 0, 0, -10,
    0, 0, 0, 0, 0, -9, 0, 0,
    0, 0, -10, 0, 0, 0, 2, 0,
    0, 0, 0, 0, 0, 0, 0, 0,
    0, 0, 0, 0, 0, 0, -7, -14,
    -7, -14, -14, 0, 0, 0, 0, 0,
    0, -9, -10, 0, 0, -17, 1, 0,
    -16, 0, -9, 0, 0, 0, 0, -9,
    0, 0, 0, -20, -3, -5, 4, 0,
    0, 0, -1, 4, 0, 0, 0, 0,
    0, 1, -7, -5, 0, 0, 0, -10,
    -7, 0, 0, 0, 0, -7, 0, 0,
    0, 0, 0, -3, -3, -5, 0, 0,
    2, -5, 0, 0, 0, 0, -9, 0,
    0, 0, -19, 0, -19, 0, 0, 0,
    0, 0, 0, 0, 0, 0, 0, 0,
    -17, 0, 0, -14, 0, -13, 0, 0,
    0, 0, 0, -9, 0, 0, 0, -1,
    -4, 0, 0, 0, 0, 0, 0, 0,
    0, 0, 0, 0, 0, 0, -4, 0,
    0, 0, -9, 0, 0, 0, 0, 0,
    0, 0, 0, 0, 0, 0, -1, -1,
    -4, 0, 0, 0, -4, 0, 0, 0,
    0, 0, 0, 0, -6, 0, -6, 0,
    0, 0, 0, 0, 0, 0, 0, 0,
    -9, 0, 0, 0, 0, 0, 0, 0,
    -11, 0, 0, 0, 0, 0, 0, 0,
    0, 0, -1, -6, 4, 0, 0, 0,
    0, 4, 0, 0, 0, 0, 0, 0,
    -6, -6, 0, 0, 0, -9, -6, 0,
    0, 0, 0, -6, 0, 0, 0, 0,
    0, -1, -1, -6, 0, 0, 0, -6,
    0, 0, 0, 0, 0, 0, 0, 0,
    0, 0, 0, 0, 0, 0, 0, 0,
    0, 0, 0, 0, 0, 0, 0, 0,
    0, 0, 0, -9, 0, 0, 0, 0,
    0, 0, 0, 0, 0, 0, -5, 0,
    0, 0, 0, 0, 0, 0, 0, 0,
    0, 0, 0, 0, -5, 0, 0, 0,
    0, 0, 0, 0, 0, 0, 0, 0,
    0, 0, 0, 0, 0, 0, -5, 0,
    0, 0, -5, 0, 0, 0, 0, 0,
    0, 0, 0, 0, 0, 0, 0, 0,
    0, 0, 0, 0, 0, 0, 0, 0,
    0, -9, 0, 0, -12, 0, -19, 0,
    -12, -10, -10, -18, 0, 0, 0, 0,
    0, 0, 0, 0, 0, 0, 0, 0,
    0, -2, 0, -6, 0, 0, 0, 0,
    0, 0, 0, 0, 0, 0, 0, 0,
    0, 0, 0, 0, 0, 0, 0, 0,
    0, 0, 0, 0, 0, 0, 0, -2,
    0, 0, 0, 0, 0, 0, 0, 0,
    0, 0, 0, 0, 0, 0, 0, 0,
    0, 0, 0, 0, 0, 0, 0, 0,
    0, -17, 0, -9, 0, 0, -17, 0,
    0, 0, 0, 0, 0, 0, 0, 0,
    0, 0, 0, 0, 0, 0, 0, 0,
    0, 0, 0, 0, 0, 0, 0, 0,
    0, 0, 0, 0, 0, 0, 0, 0,
    0, 0, 0, 0, 0, 0, 0, 0,
    0, 0, 0, 0, 0, 0, 0, 0,
    0, 0, 0, 0, 0, 0, 0, 0,
    0, 0, 0, 0, 0, 0, 0, -7,
    0, 0, 0, 0, -26, 0, -17, -14,
    -7, -28, 0, 0, 0, 0, 2, 0,
    0, 0, 0, 0, 0, 0, 0, -5,
    -4, -6, -5, 0, 0, 0, 0, 0,
    -9, 0, 0, 0, 0, 0, 0, 0,
    0, 0, 0, 0, 0, 2, 2, 0,
    0, 0, 0, 0, 0, -5, 0, 0,
    0, 0, 0, 0, 0, 0, 0, 0,
    0, 0, 0, 0, 0, 0, 0, 0,
    0, 0, 0, 0, 0, 0, 0, 0,
    0, 0, 0, 0, 0, 0, 0, 0,
    0, 0, 0, 0, 7, 0, 0, 0,
    0, 0, 0, 0, 0, 0, 0, 0,
    0, 0, 0, 0, 0, 0, 0, 0,
    0, 0, 0, 0, 0, 0, 0, 0,
    0, 0, 0, 7, 7, 0, 0, 0,
    0, 0, 0, -10, 0, 0, 0, 0,
    0, 0, 0, 0, 0, 0, 0, 0,
    0, 0, 0, 0, 0, -19, 0, 0,
    -19, 0, 0, 0, 0, 0, 0, 0,
    0, 0, 0, 0, 0, -9, 0, 0,
    0, 0, 0, 0, 0, 0, 0, 0,
    0, 0, 0, -9, 0, 0, 0, 0,
    0, 0, 0, 0, 0, 0, 0, 0,
    0, 0, 0, 0, 0, -9, 0, 0,
    0, -9, 0, 0, 0, 0, 0, 0,
    0, 0, 0, 0, 0, 0, 0, 0,
    0, 0, 0, 0, 0, 0, 0, 0,
    -9, 0, 0, 0, 0, -13, 0, 0,
    0, 0, -16, 0, 0, 0, 0, 0,
    0, 0, 0, 0, 0, 0, 0, 0,
    0, 0, 0, 0, 0, 0, 0, 0,
    0, 0, 0, 0, 0, 0, 0, 0,
    0, 0, 0, 0, 0, 0, 0, 0,
    0, 0, 0, 0, 0, 0, 0, 0,
    0, 0, 0, 0, 0, 0, 0, 0,
    0, 0, 0, 0, 0, 0, 0, 0,
    0, 0, 0, 0, 0, 0, 0, 0,
    -13, 0, 0, 0, 0, 0, 0, 0,
    0, 0, 0, 0, 0, 0, 0, 0,
    0, 0, 0, 0, 0, 0, 0, 0,
    0, 0, 0, 0, 0, 0, 0, 0,
    0, 0, 0, 0, 0, 0, 0, 0,
    0, 0, 0, 0, 0, 0, 0, 0,
    0, 0, 0, 0, 0, 0, 0, 0,
    0, 0, 0, 0, 0, 0, 0, 0,
    0, 0, 0, 0, 0, 0, -18, 0,
    -1, -18, 0, 0, 0, 0, 0, -2,
    -2, 0, 0, 0, 0, -3, -7, 0,
    0, 0, 0, -3, 0, 0, 0, 0,
    0, 0, 0, 0, 0, 0, 0, 0,
    0, 0, 0, 0, 0, 0, 0, 0,
    0, 0, 0, 0, -3, -3, -7, 0,
    0, 0, -7, 0, 0, 0, 0, 0,
    0, 0, 0, 0, 0, 0, 0, 0,
    0, 0, 0, 0, 0, 0, 0, 0,
    0, 0, 0, 0, 0, 0, -13, 0,
    0, 0, 0, -14, 0, 0, 0, 0,
    0, 0, 0, 0, 0, 0, 0, 0,
    0, 0, 0, 0, 0, 0, 0, 0,
    0, 0, 0, 0, 0, 0, 0, 0,
    0, 0, 0, 0, 0, 2, 0, 0,
    0, 0, 0, 0, 0, 0, 0, 0,
    0, 0, 0, 0, 0, 0, 0, 0,
    0, 0, 0, 0, 0, 0, 0, 0,
    0, 0, 0, 0, -9, 0, 0, -12,
    0, -20, 0, -10, -10, -12, -13, 0,
    0, 0, 0, 0, 0, 0, 0, 0,
    0, 0, 0, 0, -2, 0, -6, 0,
    0, 0, 0, 0, 0, 0, 0, 0,
    0, 0, 0, 0, 0, 0, 0, 0,
    0, 0, 0, 0, 0, 0, 0, 0,
    0, 0, -2, 0, 0, 0, 0, 0,
    0, 0, 0, 0, 0, 0, 0, 0,
    0, 0, 0, 0, 0, 0, 0, -9,
    0, 0, 0, 0, -33, 0, -16, -14,
    -10, -23, -9, 0, 0, 0, 0, 0,
    0, 0, 0, 0, 0, 0, 0, -9,
    -9, -9, 0, 0, 0, 0, 0, 0,
    0, 0, 0, 0, 0, 0, 0, 0,
    0, 0, 0, 0, 0, 0, 0, 0,
    0, 0, 0, 0, 0, -9, 0, 0,
    0, 0, 0, 0, 0, 0, 0, 0,
    0, 0, 0, 0, 0, 0, 0, 0,
    0, 0, 0, 0, 0, 0, 0, -17,
    0, -29, -23, 0, 0, 0, 0, 0,
    0, 0, 0, 0, 0, 0, 0, 0,
    0, 0, 0, 0, 0, 0, 0, 0,
    0, 0, 0, 0, 0, 0, 0, 0,
    0, 0, 0, 0, 0, 0, 0, 0,
    0, 0, 0, 0, 0, 0, 0, 0,
    0, 0, 0, 0, 0, 0, 0, 0,
    0, 0, 0, 0, 0, 0, 0, 0,
    0, 0, 0, 0, 0, 0, 0, 0,
    0, 0, 0, 0, 0, 0, 0, 0,
    0, 0, 0, 0, 0, 0, 0, 0,
    0, 0, 0, 0, 0, 0, 0, 0,
    0, 0, 0, 0, 0, 0, 0, 0,
    0, 0, 0, 0, 0, 0, 0, 0,
    0, 0, 0, 0, 0, 0, 0, 0,
    10, 0, 0, 0, 0, 0, 0, 0,
    0, 0, 0, 0, 0, 0, 0, 0,
    0, 0, 0, 0, 0, 0, 0, 0,
    -9, 0, 0, 0, 0, -14, 0, -10,
    0, -12, -12, 0, 0, 0, 0, 0,
    0, 0, 0, 0, 0, 0, 0, 0,
    0, 0, 0, 0, 0, 0, 0, 0,
    0, 0, 0, 0, 0, 0, 0, 0,
    0, 0, 0, 0, 0, 0, 0, 0,
    0, 0, 0, 0, 0, 0, 0, 0,
    0, 0, 0, 0, 0, -26, 0, -26,
    0, 0, 0, 0, 0, 0, 0, 0,
    0, 0, 0, -10, 0, 0, -10, 0,
    -14, 0, -13, 0, 0, 0, -10, -13,
    0, 0, 0, 0, 0, 0, 0, 0,
    0, 0, 0, 0, 0, 0, 0, 0,
    0, 0, 0, 0, 0, 0, 0, 0,
    0, 0, 0, 0, 0, 0, 0, 0,
    0, 0, 0, 0, 0, 0, 0, 0,
    0, 0, 0, 0, 0, 0, 0, 0,
    0, 0, 0, 0, 0, 0, 0, 0,
    0, 0, 0, 0, 0, 0, 0, 0,
    0, 0, 0, -20, 0, 0, 0, 0,
    0, 0, 0, 0, 0, 0, 0, 0,
    0, 0, 0, 0, 0, 0, 0, 0,
    0, 0, 0, 0, 0, 0, 0, 0,
    0, 0, 0, 0, 0, 0, 0, 0,
    0, 0, 0, 0, 0, 0, 0, 0,
    0, 0, 0, 0, 0, 0, 0, 0,
    3, 0, 0, 0, 0, 0, 0, 0,
    0, 0, 0, 0, 0, 0, 0, 0,
    0, 0, 0, 0, 0, 0, 0, 0,
    0, 0, 0, 0, 0, 0, 0, 0,
    0, 0, 0, 0, 0, 0, 0, 1,
    0, 0, 0, 0, 0, 0, 0, 0,
    3, 0, 0, 0, 0, 0, 0, 0,
    0, 0, 0, 0, 0, 0, 0, 0,
    0, 0, 0, 0, 10, 0, 0, 0,
    0, 0, 0, 0, 0, 0, 0, 0,
    0, 0, 0, 12, 0, 0, 23, 0,
    0, 0, 0, 0, 0, 18, 0, 0,
    0, 23, 0, 22, 0, 0, 0, 23,
    22, 0, 0, 0, 0, 10, 19, 19,
    3, 0, 13, 0, 0, 0, 0, 0,
    18, 0, 0, 0, 0, 0, 0, 0,
    0, 0, 0, 0, 0, 0, 0, 10,
    0, 0, 0, 0, 0, 9, 19, 45,
    0, 0, 0, -7, 0, 0, 0, 0,
    0, 0, 0, 0, 0, 0, -10, 0,
    0, 0, 0, 0, 0, 0, 0, 0,
    0, 0, 0, 0, -13, 0, -13, -13,
    0, -23, 0, -13, 0, 0, 0, 0,
    0, 0, 0, 0, 0, 0, 0, -5,
    0, 0, 0, 0, 0, 0, 0, 0,
    0, 0, 0, -2, 0, 0, 0, 0,
    0, 0, 0, 0, 0, 0, 0, 0,
    0, 0, 0, 0, 0, -5, -8, 0,
    0, -3, 0, 0, 0, 0, 0, 0,
    0, -9, 0, 0, 0, 0, 0, 0,
    0, 0, -7, 0, 0, 0, 0, -13,
    0, -17, -14, -7, -28, 0, -17, 0,
    0, 2, 0, 0, 0, 0, 0, 0,
    0, 0, -5, -4, -6, -5, 0, 0,
    0, 0, 0, -9, 0, 0, -2, 0,
    0, 0, 0, 0, 0, 0, 0, 0,
    2, 2, 0, 0, 0, 0, 0, 0,
    -5
};


/*Collect the kern class' data in one place*/
static const lv_font_fmt_txt_kern_classes_t kern_classes =
{
    .class_pair_values   = kern_class_values,
    .left_class_mapping  = kern_left_class_mapping,
    .right_class_mapping = kern_right_class_mapping,
    .left_class_cnt      = 75,
    .right_class_cnt     = 75,
};

/*--------------------
 *  ALL CUSTOM DATA
 *--------------------*/

#if LVGL_VERSION_MAJOR == 8
/*Store all the custom data of the font*/
static  lv_font_fmt_txt_glyph_cache_t cache;
#endif

#if LVGL_VERSION_MAJOR >= 8
static const lv_font_fmt_txt_dsc_t font_dsc = {
#else
static lv_font_fmt_txt_dsc_t font_dsc = {
#endif
    .glyph_bitmap = glyph_bitmap,
    .glyph_dsc = glyph_dsc,
    .cmaps = cmaps,
    .kern_dsc = &kern_classes,
    .kern_scale = 16,
    .cmap_num = 3,
    .bpp = 4,
    .kern_classes = 1,
    .bitmap_format = 0,
#if LVGL_VERSION_MAJOR == 8
    .cache = &cache
#endif
};



/*-----------------
 *  PUBLIC FONT
 *----------------*/

/*Initialize a public general font descriptor*/
#if LVGL_VERSION_MAJOR >= 8
const lv_font_t font_inter_16 = {
#else
lv_font_t font_inter_16 = {
#endif
    .get_glyph_dsc = lv_font_get_glyph_dsc_fmt_txt,    /*Function pointer to get glyph's data*/
    .get_glyph_bitmap = lv_font_get_bitmap_fmt_txt,    /*Function pointer to get glyph's bitmap*/
    .line_height = 21,          /*The maximum line height required by the font*/
    .base_line = 4,             /*Baseline measured from the bottom of the line*/
#if !(LVGL_VERSION_MAJOR == 6 && LVGL_VERSION_MINOR == 0)
    .subpx = LV_FONT_SUBPX_NONE,
#endif
#if LV_VERSION_CHECK(7, 4, 0) || LVGL_VERSION_MAJOR >= 8
    .underline_position = -2,
    .underline_thickness = 1,
#endif
    .dsc = &font_dsc,          /*The custom font data. Will be accessed by `get_glyph_bitmap/dsc` */
#if LV_VERSION_CHECK(8, 2, 0) || LVGL_VERSION_MAJOR >= 9
    .fallback = NULL,
#endif
    .user_data = NULL,
};



#endif /*#if FONT_INTER_16*/

